Data,Wartosc
05/01/1998,100
06/01/1998,100
07/01/1998,100
08/01/1998,100
09/01/1998,100
12/01/1998,100.25
13/01/1998,100.29
14/01/1998,100.37
15/01/1998,100.41
16/01/1998,100.47
19/01/1998,100.82
20/01/1998,100.47
21/01/1998,100.47
22/01/1998,99.86
23/01/1998,99.9
26/01/1998,99.95
27/01/1998,99.48
28/01/1998,100.47
29/01/1998,101.57
30/01/1998,101.66
02/02/1998,102.64
03/02/1998,103.75
04/02/1998,102.26
05/02/1998,101.18
06/02/1998,102.9
09/02/1998,106.16
10/02/1998,112.24
11/02/1998,110.49
12/02/1998,108.42
13/02/1998,106.35
16/02/1998,105.85
17/02/1998,105.22
18/02/1998,106.31
19/02/1998,107.25
20/02/1998,107.6
23/02/1998,108.4
24/02/1998,108.95
25/02/1998,108.5
26/02/1998,111.63
27/02/1998,112.26
02/03/1998,111.7
03/03/1998,111.91
04/03/1998,110.64
05/03/1998,108.52
06/03/1998,108.14
09/03/1998,109.18
10/03/1998,110.03
11/03/1998,110.35
12/03/1998,109.63
13/03/1998,110.02
16/03/1998,109.83
17/03/1998,111.02
18/03/1998,110.32
19/03/1998,110.38
20/03/1998,110.17
23/03/1998,110.21
24/03/1998,110.51
25/03/1998,110.42
26/03/1998,110.15
27/03/1998,108.94
30/03/1998,107.86
31/03/1998,106.13
01/04/1998,105.95
02/04/1998,105.6
06/04/1998,100.02
07/04/1998,103.73
08/04/1998,103.33
09/04/1998,102.55
14/04/1998,103.19
15/04/1998,103.73
16/04/1998,103.17
17/04/1998,101.19
20/04/1998,101.75
21/04/1998,101.15
22/04/1998,101.18
23/04/1998,101.78
24/04/1998,102.32
27/04/1998,102.93
18/05/1998,99.53
19/05/1998,98.68
20/05/1998,98.18
21/05/1998,99.6
22/05/1998,100.49
25/05/1998,100.3
26/05/1998,100.11
27/05/1998,97.46
28/05/1998,95.83
29/05/1998,95.52
01/06/1998,92.68
02/06/1998,90.56
03/06/1998,91.13
04/06/1998,91.38
05/06/1998,91.14
08/06/1998,91.59
09/06/1998,90.23
10/06/1998,85.88
15/06/1998,84.21
16/06/1998,83.98
17/06/1998,86.92
18/06/1998,88.67
19/06/1998,87.6
22/06/1998,87.65
23/06/1998,87.66
24/06/1998,87.24
25/06/1998,87.09
26/06/1998,87.59
29/06/1998,87.21
30/06/1998,87.33
01/07/1998,88.08
02/07/1998,88.75
03/07/1998,89.5
06/07/1998,90.4
07/07/1998,91.16
08/07/1998,90.89
09/07/1998,90.28
10/07/1998,90.19
13/07/1998,91.67
14/07/1998,94.94
15/07/1998,95.39
16/07/1998,94.6
17/07/1998,96.2
20/07/1998,95.47
21/07/1998,96.65
22/07/1998,95.69
23/07/1998,95.54
24/07/1998,95.27
27/07/1998,94.85
28/07/1998,93.92
29/07/1998,92.83
30/07/1998,92.91
31/07/1998,93.44
03/08/1998,91.86
04/08/1998,91.61
05/08/1998,91.07
06/08/1998,91.77
07/08/1998,91.69
10/08/1998,91.96
11/08/1998,90.97
12/08/1998,90.82
13/08/1998,90.25
14/08/1998,90.36
17/08/1998,89.31
18/08/1998,89.52
19/08/1998,91.14
20/08/1998,91.35
21/08/1998,90.06
24/08/1998,89.63
25/08/1998,89.91
26/08/1998,89.55
27/08/1998,86.73
28/08/1998,81.92
31/08/1998,80.81
01/09/1998,77.09
02/09/1998,80.23
03/09/1998,80.01
04/09/1998,80.16
07/09/1998,83.55
08/09/1998,84.25
09/09/1998,84.11
10/09/1998,83.08
11/09/1998,81.34
14/09/1998,82.05
15/09/1998,81.03
16/09/1998,80.81
17/09/1998,79.24
18/09/1998,77.68
21/09/1998,75.29
22/09/1998,76.67
23/09/1998,77.11
24/09/1998,78.73
25/09/1998,76.46
28/09/1998,77.17
29/09/1998,76.88
30/09/1998,74.36
01/10/1998,71.05
02/10/1998,69.92
05/10/1998,67.7
06/10/1998,66.85
07/10/1998,66.7
08/10/1998,65.98
09/10/1998,67.41
12/10/1998,68.64
13/10/1998,68.26
14/10/1998,66.95
15/10/1998,65.71
16/10/1998,67.82
19/10/1998,66.46
20/10/1998,66.89
21/10/1998,66.7
22/10/1998,68.59
23/10/1998,69.78
26/10/1998,72.23
27/10/1998,71.74
28/10/1998,69.82
29/10/1998,70.69
30/10/1998,72.67
02/11/1998,76.36
03/11/1998,75.27
04/11/1998,76.46
05/11/1998,75.18
06/11/1998,75.85
09/11/1998,76.43
10/11/1998,77.08
12/11/1998,76.78
13/11/1998,78.24
16/11/1998,81.31
17/11/1998,79.67
18/11/1998,79.86
19/11/1998,79.11
20/11/1998,77.98
23/11/1998,78.28
24/11/1998,77.47
25/11/1998,76.55
26/11/1998,76.71
27/11/1998,75.6
30/11/1998,74.55
01/12/1998,72.59
02/12/1998,72.3
03/12/1998,73.6
04/12/1998,74.15
07/12/1998,76.22
08/12/1998,75.92
09/12/1998,76.51
10/12/1998,75.43
11/12/1998,74.46
14/12/1998,74.01
15/12/1998,73.84
16/12/1998,73.78
17/12/1998,73.63
18/12/1998,73.57
21/12/1998,73.04
22/12/1998,73.76
23/12/1998,74.98
28/12/1998,77.15
29/12/1998,76.12
30/12/1998,75.83
31/12/1998,76.72
04/01/1999,77.66
05/01/1999,77.3
06/01/1999,79.03
07/01/1999,78.98
08/01/1999,80.92
11/01/1999,80.52
12/01/1999,80.05
13/01/1999,76.3
14/01/1999,77.33
15/01/1999,76.95
18/01/1999,79.13
19/01/1999,79.21
20/01/1999,79.7
21/01/1999,79.2
22/01/1999,77.97
25/01/1999,77.87
26/01/1999,78.31
27/01/1999,78.81
28/01/1999,78.9
29/01/1999,80.26
01/02/1999,81.27
02/02/1999,81.6
03/02/1999,83.13
04/02/1999,85.15
05/02/1999,83.99
08/02/1999,85.39
09/02/1999,84.7
10/02/1999,84.18
11/02/1999,85.49
12/02/1999,86.95
15/02/1999,91.48
16/02/1999,93.36
17/02/1999,91.01
18/02/1999,93.29
19/02/1999,93.59
22/02/1999,94.21
23/02/1999,91.89
24/02/1999,91.14
25/02/1999,88.67
26/02/1999,89.38
01/03/1999,89.77
02/03/1999,88.78
03/03/1999,87.33
04/03/1999,86.1
05/03/1999,88.23
08/03/1999,89.95
09/03/1999,90.87
10/03/1999,89.99
11/03/1999,90.43
12/03/1999,91.54
15/03/1999,89.54
16/03/1999,89.36
17/03/1999,89.21
18/03/1999,89.33
19/03/1999,91.01
22/03/1999,89.62
23/03/1999,88.62
24/03/1999,86.82
25/03/1999,88.48
26/03/1999,88.23
29/03/1999,87.56
30/03/1999,87.99
31/03/1999,88.32
01/04/1999,88.31
06/04/1999,88.31
07/04/1999,87.64
08/04/1999,86.77
09/04/1999,86.36
12/04/1999,85.12
13/04/1999,85.54
14/04/1999,87.45
15/04/1999,89.18
16/04/1999,88.66
19/04/1999,90.41
20/04/1999,89.66
21/04/1999,90.28
22/04/1999,91.85
23/04/1999,92.16
26/04/1999,92.04
27/04/1999,92.19
28/04/1999,90.9
29/04/1999,89.44
30/04/1999,89.82
04/05/1999,89.49
05/05/1999,89.11
06/05/1999,89.02
07/05/1999,89.2
10/05/1999,88.92
11/05/1999,92.21
12/05/1999,90.5
13/05/1999,92.08
14/05/1999,89.56
17/05/1999,88.36
18/05/1999,88.8
19/05/1999,89.4
20/05/1999,90.43
21/05/1999,90.8
24/05/1999,92.4
25/05/1999,92.09
26/05/1999,92.27
27/05/1999,91.23
28/05/1999,90.66
31/05/1999,90.23
01/06/1999,89.9
02/06/1999,90.06
07/06/1999,90.4
08/06/1999,89.89
09/06/1999,90.37
10/06/1999,89.87
11/06/1999,90.35
14/06/1999,90.6
15/06/1999,92.47
16/06/1999,91.33
17/06/1999,90.74
18/06/1999,91.02
21/06/1999,91.89
22/06/1999,90.98
23/06/1999,90.08
24/06/1999,90.05
25/06/1999,89.89
28/06/1999,89.2
29/06/1999,87.96
30/06/1999,87.59
01/07/1999,88.85
02/07/1999,87.99
05/07/1999,88.05
06/07/1999,88.66
07/07/1999,87.58
08/07/1999,87.05
09/07/1999,86.93
12/07/1999,87.02
13/07/1999,86.14
14/07/1999,86.14
15/07/1999,85.57
16/07/1999,85.52
19/07/1999,86.04
20/07/1999,85.78
21/07/1999,84.87
22/07/1999,84.93
23/07/1999,85.42
26/07/1999,85.18
27/07/1999,85.33
28/07/1999,85.6
29/07/1999,85.12
30/07/1999,85.81
02/08/1999,85.6
03/08/1999,85.18
04/08/1999,84.81
05/08/1999,84.82
06/08/1999,85.15
09/08/1999,85.74
10/08/1999,85.35
11/08/1999,86.46
12/08/1999,86.58
13/08/1999,86.64
16/08/1999,87.25
17/08/1999,86.65
18/08/1999,86.62
19/08/1999,86.3
20/08/1999,86.46
23/08/1999,86.48
24/08/1999,86.59
25/08/1999,85.6
26/08/1999,85.99
27/08/1999,87.26
30/08/1999,87.38
31/08/1999,86.65
01/09/1999,86.54
02/09/1999,86.18
03/09/1999,86.26
06/09/1999,86.29
07/09/1999,86.37
08/09/1999,85.24
09/09/1999,85.53
10/09/1999,85.64
13/09/1999,84.13
14/09/1999,82.4
15/09/1999,81.09
16/09/1999,80.05
17/09/1999,81.38
20/09/1999,80.55
21/09/1999,79.19
22/09/1999,77.4
23/09/1999,77.68
24/09/1999,74.16
27/09/1999,74.85
28/09/1999,74.09
29/09/1999,74.01
30/09/1999,73.88
01/10/1999,73.73
04/10/1999,75.06
05/10/1999,75.93
06/10/1999,77.01
07/10/1999,77.6
08/10/1999,77.73
11/10/1999,77.21
12/10/1999,76.89
13/10/1999,76.31
14/10/1999,76.85
15/10/1999,75.63
18/10/1999,75.06
19/10/1999,74.93
20/10/1999,76.19
21/10/1999,76.1
22/10/1999,76.45
25/10/1999,76.4
26/10/1999,76.26
27/10/1999,75.9
28/10/1999,76.19
29/10/1999,76.62
02/11/1999,76.36
03/11/1999,76.39
04/11/1999,75.14
05/11/1999,74.03
08/11/1999,73.06
09/11/1999,73.64
10/11/1999,73.11
15/11/1999,73.09
16/11/1999,73.31
17/11/1999,74.23
18/11/1999,75.12
19/11/1999,77.52
22/11/1999,78.63
23/11/1999,77.77
24/11/1999,78.97
25/11/1999,80.1
26/11/1999,79.95
29/11/1999,78.33
30/11/1999,80.43
01/12/1999,81.32
02/12/1999,80.91
03/12/1999,81.02
06/12/1999,82.48
07/12/1999,83.62
08/12/1999,82.78
09/12/1999,83.28
10/12/1999,83.53
13/12/1999,84.6
14/12/1999,84.35
15/12/1999,83.31
16/12/1999,83.14
17/12/1999,83.97
20/12/1999,84.49
21/12/1999,84.05
22/12/1999,85.68
23/12/1999,87.01
27/12/1999,91.46
28/12/1999,89.52
29/12/1999,91.23
03/01/2000,94.56
04/01/2000,91.67
05/01/2000,89.51
06/01/2000,89.94
07/01/2000,91.02
10/01/2000,94.45
11/01/2000,93.69
12/01/2000,93.24
13/01/2000,94.92
14/01/2000,94.76
17/01/2000,94.13
18/01/2000,92.7
19/01/2000,90.67
20/01/2000,90.8
21/01/2000,90.65
24/01/2000,89.49
25/01/2000,87.54
26/01/2000,88.87
27/01/2000,91.44
28/01/2000,92.06
31/01/2000,92.26
01/02/2000,92.4
02/02/2000,93.97
03/02/2000,96.75
04/02/2000,98.08
07/02/2000,97.55
08/02/2000,98.39
09/02/2000,97.59
10/02/2000,95.51
11/02/2000,95.56
14/02/2000,93.74
15/02/2000,94.16
16/02/2000,94.16
17/02/2000,93.2
18/02/2000,93.38
21/02/2000,91.71
22/02/2000,93.61
23/02/2000,93.77
24/02/2000,93.78
25/02/2000,91.65
28/02/2000,88.99
29/02/2000,89.1
01/03/2000,90.38
02/03/2000,90.18
03/03/2000,91.23
06/03/2000,93.26
07/03/2000,92.95
08/03/2000,92.03
09/03/2000,93.48
10/03/2000,95.75
13/03/2000,95.45
14/03/2000,94.16
15/03/2000,93.99
16/03/2000,94
17/03/2000,94.13
20/03/2000,93.94
21/03/2000,93.3
22/03/2000,93.88
23/03/2000,94.18
24/03/2000,94.64
27/03/2000,95.41
28/03/2000,96.67
29/03/2000,95.9
30/03/2000,94.66
31/03/2000,94.33
03/04/2000,94.51
04/04/2000,93.42
05/04/2000,93.09
06/04/2000,93.26
07/04/2000,94.23
10/04/2000,94.14
11/04/2000,93.85
12/04/2000,94.11
13/04/2000,93.77
14/04/2000,93.21
17/04/2000,90.69
18/04/2000,92.34
19/04/2000,92.35
20/04/2000,92.11
25/04/2000,92.06
26/04/2000,92.64
27/04/2000,92.48
28/04/2000,93.32
04/05/2000,93.36
05/05/2000,93.13
08/05/2000,92.99
09/05/2000,92.83
10/05/2000,93.15
11/05/2000,93.3
12/05/2000,93.79
15/05/2000,94.06
16/05/2000,94.93
17/05/2000,95.04
18/05/2000,94.66
19/05/2000,94.51
22/05/2000,93.52
23/05/2000,93.07
24/05/2000,91.89
25/05/2000,92.17
26/05/2000,91.51
29/05/2000,90.82
30/05/2000,92.67
31/05/2000,93.02
01/06/2000,93.12
02/06/2000,93.74
05/06/2000,93.64
06/06/2000,92.72
07/06/2000,93.1
08/06/2000,93.29
09/06/2000,93.18
12/06/2000,92.94
13/06/2000,92.9
14/06/2000,93.57
15/06/2000,94.14
16/06/2000,94.61
19/06/2000,93.8
20/06/2000,93.88
21/06/2000,93.47
23/06/2000,93.44
26/06/2000,93.75
27/06/2000,93.72
28/06/2000,93.63
29/06/2000,93.76
30/06/2000,93.89
03/07/2000,94.21
04/07/2000,94.48
05/07/2000,95.48
06/07/2000,96.26
07/07/2000,96.94
10/07/2000,99.25
11/07/2000,99.23
12/07/2000,98.26
13/07/2000,97.81
14/07/2000,98.47
17/07/2000,98.9
18/07/2000,98.84
19/07/2000,99.09
20/07/2000,98.95
21/07/2000,99.8
24/07/2000,99.88
25/07/2000,100.16
26/07/2000,99.63
27/07/2000,98.71
28/07/2000,98.69
31/07/2000,98.66
01/08/2000,99.1
02/08/2000,99.15
03/08/2000,98.58
04/08/2000,98.97
07/08/2000,99.51
08/08/2000,99.8
09/08/2000,100.17
10/08/2000,100.55
11/08/2000,100.09
14/08/2000,99.18
16/08/2000,99.16
17/08/2000,98.45
18/08/2000,98.44
21/08/2000,97.54
22/08/2000,97.62
23/08/2000,98.26
24/08/2000,98.8
25/08/2000,99.02
28/08/2000,98.59
29/08/2000,98.71
30/08/2000,98.73
31/08/2000,99.51
01/09/2000,100.23
04/09/2000,100.38
05/09/2000,100.02
06/09/2000,99.69
07/09/2000,99.1
08/09/2000,99.24
11/09/2000,98.17
12/09/2000,98.15
13/09/2000,98.71
14/09/2000,98.9
15/09/2000,98.99
18/09/2000,98.72
19/09/2000,98.58
20/09/2000,98.67
21/09/2000,98.07
22/09/2000,95.07
25/09/2000,95.65
26/09/2000,94.51
27/09/2000,93.61
28/09/2000,93.37
29/09/2000,93.85
02/10/2000,93.47
03/10/2000,92.45
04/10/2000,91.81
05/10/2000,92.24
06/10/2000,92.05
09/10/2000,90.97
10/10/2000,90.77
11/10/2000,88.55
12/10/2000,87.62
13/10/2000,85.9
16/10/2000,88.1
17/10/2000,88.16
18/10/2000,87.63
19/10/2000,88.52
20/10/2000,90.09
23/10/2000,89.73
24/10/2000,89.79
25/10/2000,89.85
26/10/2000,89.29
27/10/2000,89.12
30/10/2000,88.79
31/10/2000,88.7
02/11/2000,89.96
03/11/2000,91.36
06/11/2000,92.26
07/11/2000,93.12
08/11/2000,92.71
09/11/2000,91.81
10/11/2000,91.2
13/11/2000,89.73
14/11/2000,90.51
15/11/2000,90.76
16/11/2000,90.39
17/11/2000,91.49
20/11/2000,91.53
21/11/2000,91.57
22/11/2000,91.07
23/11/2000,90.8
24/11/2000,92.57
27/11/2000,93.44
28/11/2000,92.77
29/11/2000,92.08
30/11/2000,91.14
01/12/2000,91.4
04/12/2000,90.26
05/12/2000,91.72
06/12/2000,92.61
07/12/2000,92.61
08/12/2000,93.08
11/12/2000,93.52
12/12/2000,93.87
13/12/2000,94.76
14/12/2000,95.24
15/12/2000,95.17
18/12/2000,95.79
19/12/2000,96.38
20/12/2000,94.79
21/12/2000,94.42
22/12/2000,95.86
27/12/2000,96.38
28/12/2000,96.42
29/12/2000,96.44
02/01/2001,95.22
03/01/2001,94.26
04/01/2001,95.78
05/01/2001,94.27
08/01/2001,93.5
09/01/2001,93.72
10/01/2001,93.41
11/01/2001,93.02
12/01/2001,93.51
15/01/2001,93.1
16/01/2001,92.72
17/01/2001,93.38
18/01/2001,93.65
19/01/2001,95.36
22/01/2001,94.84
23/01/2001,94.3
24/01/2001,94.43
25/01/2001,94.72
26/01/2001,94.61
29/01/2001,95.43
30/01/2001,95.84
31/01/2001,95.63
01/02/2001,95.25
02/02/2001,95.6
05/02/2001,94.31
06/02/2001,94.34
07/02/2001,92.9
08/02/2001,93.06
09/02/2001,92.64
12/02/2001,92.16
13/02/2001,93.1
14/02/2001,92.62
15/02/2001,93.4
16/02/2001,92.64
19/02/2001,91.92
20/02/2001,91.62
21/02/2001,90.98
22/02/2001,90.59
23/02/2001,90.68
26/02/2001,91.23
27/02/2001,90.22
28/02/2001,89.43
01/03/2001,88.61
02/03/2001,88.45
05/03/2001,89.24
06/03/2001,89.56
07/03/2001,89.24
08/03/2001,88.61
09/03/2001,87.02
12/03/2001,84.49
13/03/2001,84.62
14/03/2001,83.95
15/03/2001,85.29
16/03/2001,85.15
19/03/2001,85.49
20/03/2001,86.25
21/03/2001,85.98
22/03/2001,85.84
23/03/2001,87.33
26/03/2001,87.75
27/03/2001,87.58
28/03/2001,88.15
29/03/2001,87.47
30/03/2001,88.19
02/04/2001,87.43
03/04/2001,86.65
04/04/2001,85.98
05/04/2001,86.67
06/04/2001,87.26
09/04/2001,88
10/04/2001,88.93
11/04/2001,90.1
12/04/2001,90.08
17/04/2001,89.04
18/04/2001,90.88
19/04/2001,91.73
20/04/2001,91.74
23/04/2001,91.01
24/04/2001,90.91
25/04/2001,90.95
26/04/2001,91.52
27/04/2001,91.59
30/04/2001,90.73
02/05/2001,91.25
04/05/2001,90.67
07/05/2001,90.2
08/05/2001,89.53
09/05/2001,88.71
10/05/2001,90.23
11/05/2001,90.76
14/05/2001,91.56
15/05/2001,90.49
16/05/2001,89.28
17/05/2001,89.88
18/05/2001,89.91
21/05/2001,90.54
22/05/2001,91.59
23/05/2001,91.88
24/05/2001,91.9
25/05/2001,91.95
28/05/2001,91.83
29/05/2001,91.59
30/05/2001,91.42
31/05/2001,91.66
01/06/2001,92.17
04/06/2001,91.35
05/06/2001,91.65
06/06/2001,91.23
07/06/2001,90.34
08/06/2001,89.5
11/06/2001,88.48
12/06/2001,88.44
13/06/2001,88.46
15/06/2001,87.02
18/06/2001,86.3
19/06/2001,85.88
20/06/2001,84.8
21/06/2001,85.92
22/06/2001,86.22
25/06/2001,86.68
26/06/2001,85.24
27/06/2001,85.09
28/06/2001,84.84
29/06/2001,84.8
02/07/2001,84.11
03/07/2001,83.35
04/07/2001,82.2
05/07/2001,82.13
06/07/2001,83.22
09/07/2001,82.69
10/07/2001,81.18
11/07/2001,80.49
12/07/2001,82.23
13/07/2001,82.26
16/07/2001,83.63
17/07/2001,82.72
18/07/2001,82.86
19/07/2001,83.07
20/07/2001,81.32
23/07/2001,81.58
24/07/2001,80.29
25/07/2001,79.57
26/07/2001,80.21
27/07/2001,80.94
30/07/2001,80.74
31/07/2001,80.44
01/08/2001,80.52
02/08/2001,80.72
03/08/2001,80.18
06/08/2001,79.85
07/08/2001,79.05
08/08/2001,78.23
09/08/2001,76.79
10/08/2001,76.3
13/08/2001,74.84
14/08/2001,75.67
16/08/2001,74.22
17/08/2001,73.24
20/08/2001,73.8
21/08/2001,74.46
22/08/2001,75.86
23/08/2001,75.7
24/08/2001,76.74
27/08/2001,76.01
28/08/2001,75.51
29/08/2001,75.71
30/08/2001,76.16
31/08/2001,76.58
03/09/2001,76.73
04/09/2001,76.49
05/09/2001,77.4
06/09/2001,78.57
07/09/2001,77.78
10/09/2001,76.99
11/09/2001,75.79
12/09/2001,75.39
13/09/2001,75.49
14/09/2001,74.02
17/09/2001,73.26
18/09/2001,73.51
19/09/2001,74.5
20/09/2001,73.79
21/09/2001,72.39
24/09/2001,71.74
25/09/2001,72.53
26/09/2001,72.81
27/09/2001,72.48
28/09/2001,73.05
01/10/2001,72.95
02/10/2001,73.07
03/10/2001,72.31
04/10/2001,73.23
05/10/2001,73.16
08/10/2001,72.95
09/10/2001,74.84
10/10/2001,77.08
11/10/2001,78.67
12/10/2001,78.53
15/10/2001,77.86
16/10/2001,80.63
17/10/2001,80.26
18/10/2001,79.55
19/10/2001,79.3
22/10/2001,80.82
23/10/2001,80.69
24/10/2001,81.5
25/10/2001,81.93
26/10/2001,84.38
29/10/2001,84.61
30/10/2001,83.37
31/10/2001,83.46
02/11/2001,83.34
05/11/2001,83.57
06/11/2001,82.96
07/11/2001,82.62
08/11/2001,84.36
09/11/2001,84.61
12/11/2001,83.86
13/11/2001,85.9
14/11/2001,87.39
15/11/2001,86.98
16/11/2001,87.16
19/11/2001,87.46
20/11/2001,86.94
21/11/2001,85.57
22/11/2001,85.87
23/11/2001,85.87
26/11/2001,85.87
27/11/2001,85.87
28/11/2001,85.65
29/11/2001,85.35
30/11/2001,84.95
03/12/2001,84.83
04/12/2001,85.76
05/12/2001,86.06
06/12/2001,86.41
07/12/2001,86.26
10/12/2001,85.36
11/12/2001,85.26
12/12/2001,85.16
13/12/2001,84.11
14/12/2001,83.9
17/12/2001,84.04
18/12/2001,85.39
19/12/2001,85.1
20/12/2001,85.01
21/12/2001,84.63
27/12/2001,84.71
28/12/2001,85.01
31/12/2001,85.13
02/01/2002,85.14
03/01/2002,85.36
04/01/2002,87.28
07/01/2002,88.5
08/01/2002,89.36
09/01/2002,88.95
10/01/2002,91.44
11/01/2002,90.74
14/01/2002,91.15
15/01/2002,90.29
16/01/2002,90.79
17/01/2002,91.31
18/01/2002,92.69
21/01/2002,92.19
22/01/2002,91.7
23/01/2002,93.65
24/01/2002,92.89
25/01/2002,93.47
28/01/2002,93.77
29/01/2002,92.33
30/01/2002,92.63
31/01/2002,91.85
01/02/2002,92.7
04/02/2002,92.39
05/02/2002,91.88
06/02/2002,90.96
07/02/2002,90.91
08/02/2002,90.53
11/02/2002,90.75
12/02/2002,91.14
13/02/2002,90.75
14/02/2002,91.06
15/02/2002,91.08
18/02/2002,91.09
19/02/2002,90.66
20/02/2002,90.27
21/02/2002,90.5
22/02/2002,90.37
25/02/2002,90.11
26/02/2002,91
27/02/2002,91.17
28/02/2002,91.43
01/03/2002,91.06
04/03/2002,91.79
05/03/2002,91.84
06/03/2002,91.48
07/03/2002,91.09
08/03/2002,91.69
11/03/2002,91.67
12/03/2002,90.89
13/03/2002,89.93
14/03/2002,90.35
15/03/2002,90.74
18/03/2002,90.52
19/03/2002,89.94
20/03/2002,89.2
21/03/2002,89.26
22/03/2002,89.57
25/03/2002,90.49
26/03/2002,89.45
27/03/2002,89.46
28/03/2002,89.81
02/04/2002,89.71
03/04/2002,88.95
04/04/2002,88.58
05/04/2002,88.54
08/04/2002,89.27
09/04/2002,89.09
10/04/2002,89.94
11/04/2002,89.92
12/04/2002,89.71
15/04/2002,89.18
16/04/2002,89.63
17/04/2002,89.76
18/04/2002,89.36
19/04/2002,89.15
22/04/2002,88.67
23/04/2002,88.77
24/04/2002,89.31
25/04/2002,89.18
26/04/2002,89.41
29/04/2002,89.99
30/04/2002,90.35
02/05/2002,89.64
06/05/2002,88.8
07/05/2002,88.89
08/05/2002,88.25
09/05/2002,88.74
10/05/2002,88.92
13/05/2002,88.81
14/05/2002,88.7
15/05/2002,89.08
16/05/2002,89.22
17/05/2002,90.87
20/05/2002,91.74
21/05/2002,91.35
22/05/2002,91.94
23/05/2002,91.56
24/05/2002,91.73
27/05/2002,92.04
28/05/2002,92.27
29/05/2002,91.93
31/05/2002,92.32
03/06/2002,92.15
04/06/2002,93.15
05/06/2002,92.31
06/06/2002,92.18
07/06/2002,92.21
10/06/2002,91.46
11/06/2002,91.39
12/06/2002,91.45
13/06/2002,91.47
14/06/2002,91.33
17/06/2002,89.75
18/06/2002,89.95
19/06/2002,89.47
20/06/2002,88.42
21/06/2002,88.45
24/06/2002,89.09
25/06/2002,87.41
26/06/2002,86.65
27/06/2002,85.18
28/06/2002,85.71
01/07/2002,84.39
02/07/2002,84.4
03/07/2002,83.08
04/07/2002,83.13
05/07/2002,82.64
08/07/2002,83.75
09/07/2002,83.82
10/07/2002,84.29
11/07/2002,83.17
12/07/2002,81.86
15/07/2002,81.81
16/07/2002,81.26
17/07/2002,81.52
18/07/2002,83.01
19/07/2002,81.53
22/07/2002,80.11
23/07/2002,78.38
24/07/2002,79.16
25/07/2002,77.1
26/07/2002,76.29
29/07/2002,77.67
30/07/2002,77.4
31/07/2002,77.55
01/08/2002,78.04
02/08/2002,78.86
05/08/2002,78.61
06/08/2002,77.93
07/08/2002,77.94
08/08/2002,77.09
09/08/2002,77.12
12/08/2002,77.13
13/08/2002,76.84
14/08/2002,78.69
16/08/2002,78.12
19/08/2002,78.22
20/08/2002,78.33
21/08/2002,77.73
22/08/2002,79.96
23/08/2002,80.01
26/08/2002,80.31
27/08/2002,80.76
28/08/2002,82.11
29/08/2002,80.94
30/08/2002,80.13
02/09/2002,80.6
03/09/2002,80.54
04/09/2002,79.07
05/09/2002,78.6
06/09/2002,78.29
09/09/2002,79.1
10/09/2002,79.41
11/09/2002,80.33
12/09/2002,80.89
13/09/2002,80
16/09/2002,79.63
17/09/2002,80.17
18/09/2002,80.35
19/09/2002,79.56
20/09/2002,79.57
23/09/2002,80.25
24/09/2002,80.02
25/09/2002,79.03
26/09/2002,79.84
27/09/2002,79.63
30/09/2002,79.4
01/10/2002,78.67
02/10/2002,78.44
03/10/2002,78.5
04/10/2002,78.83
07/10/2002,78.79
08/10/2002,78.2
09/10/2002,78.31
10/10/2002,78.26
11/10/2002,78.89
14/10/2002,79.81
15/10/2002,80.18
16/10/2002,81.35
17/10/2002,80.94
18/10/2002,80.98
21/10/2002,82.02
22/10/2002,81.98
23/10/2002,82.41
24/10/2002,82.21
25/10/2002,82.2
28/10/2002,82.03
29/10/2002,83.47
30/10/2002,83.58
31/10/2002,83.45
04/11/2002,83.74
05/11/2002,83.94
06/11/2002,83.23
07/11/2002,82.49
08/11/2002,82.27
12/11/2002,82.32
13/11/2002,82.6
14/11/2002,82.43
15/11/2002,82.81
18/11/2002,82.29
19/11/2002,82.58
20/11/2002,82.93
21/11/2002,83.08
22/11/2002,84.71
25/11/2002,84.94
26/11/2002,86.22
27/11/2002,85.75
28/11/2002,86.08
29/11/2002,86
02/12/2002,85.58
03/12/2002,87.25
04/12/2002,87.18
05/12/2002,86.15
06/12/2002,86.55
09/12/2002,85.63
10/12/2002,85.77
11/12/2002,84.56
12/12/2002,84.14
13/12/2002,84.7
16/12/2002,84.73
17/12/2002,84.94
18/12/2002,84.67
19/12/2002,83.22
20/12/2002,83.2
23/12/2002,83.13
27/12/2002,83.92
30/12/2002,84.73
31/12/2002,84.83
02/01/2003,84.62
03/01/2003,84.6
06/01/2003,86.37
07/01/2003,86.51
08/01/2003,86.87
09/01/2003,86.14
10/01/2003,86.24
13/01/2003,86.34
14/01/2003,88.17
15/01/2003,87.62
16/01/2003,87.66
17/01/2003,86.54
20/01/2003,85.8
21/01/2003,85.69
22/01/2003,84.99
23/01/2003,84.15
24/01/2003,85.09
27/01/2003,83.97
28/01/2003,82.93
29/01/2003,83.05
30/01/2003,83.44
31/01/2003,82.95
03/02/2003,83.37
04/02/2003,84.37
05/02/2003,83.29
06/02/2003,83.27
07/02/2003,82.51
10/02/2003,82.82
11/02/2003,83.16
12/02/2003,83.4
13/02/2003,82.87
14/02/2003,83.23
17/02/2003,83.09
18/02/2003,83.62
19/02/2003,83.15
20/02/2003,82.54
21/02/2003,83.34
24/02/2003,82.98
25/02/2003,82.4
26/02/2003,81.33
27/02/2003,81.4
28/02/2003,81.64
03/03/2003,81.89
04/03/2003,81.49
05/03/2003,80.39
06/03/2003,80.17
07/03/2003,80.03
10/03/2003,80.46
11/03/2003,82.21
12/03/2003,81.71
13/03/2003,81.6
14/03/2003,82.52
17/03/2003,82.13
18/03/2003,81.05
19/03/2003,81.94
20/03/2003,81.84
21/03/2003,81.95
24/03/2003,83.14
25/03/2003,82.91
26/03/2003,82.68
27/03/2003,82.7
28/03/2003,82.22
31/03/2003,82.09
01/04/2003,80.97
02/04/2003,80.95
03/04/2003,81.66
04/04/2003,82.7
07/04/2003,82.9
08/04/2003,84.19
09/04/2003,83.79
10/04/2003,83.81
11/04/2003,82.95
14/04/2003,82.86
15/04/2003,81.77
16/04/2003,81.88
17/04/2003,81.46
22/04/2003,82.2
23/04/2003,82.52
24/04/2003,83.05
25/04/2003,82.4
28/04/2003,82.51
29/04/2003,82.97
30/04/2003,83.15
02/05/2003,82.97
05/05/2003,83.76
06/05/2003,84.37
07/05/2003,84.6
08/05/2003,84.21
09/05/2003,84.67
12/05/2003,85.2
13/05/2003,85.1
14/05/2003,84.9
15/05/2003,86.32
16/05/2003,85.93
19/05/2003,85.6
20/05/2003,85.01
21/05/2003,84.77
22/05/2003,85.39
23/05/2003,85.74
26/05/2003,85.92
27/05/2003,85.91
28/05/2003,85.45
29/05/2003,85.95
30/05/2003,86.26
02/06/2003,86.77
03/06/2003,86.69
04/06/2003,87.02
05/06/2003,87.63
06/06/2003,87.7
09/06/2003,87.99
10/06/2003,87.51
11/06/2003,86.87
12/06/2003,87
13/06/2003,87.74
16/06/2003,87.63
17/06/2003,87.77
18/06/2003,88.27
20/06/2003,89.13
23/06/2003,89.39
24/06/2003,89.1
25/06/2003,88.44
26/06/2003,89.11
27/06/2003,89.34
30/06/2003,89.1
01/07/2003,89.13
02/07/2003,88.21
03/07/2003,88.87
04/07/2003,89.2
07/07/2003,90.44
08/07/2003,92.74
09/07/2003,92.28
10/07/2003,93.14
11/07/2003,93.6
14/07/2003,93.9
15/07/2003,95.38
16/07/2003,95.13
17/07/2003,94.96
18/07/2003,95.12
21/07/2003,96.03
22/07/2003,96.34
23/07/2003,95.45
24/07/2003,94.46
25/07/2003,94.94
28/07/2003,95.3
29/07/2003,96.87
30/07/2003,97.22
31/07/2003,96.68
01/08/2003,97.03
04/08/2003,96.95
05/08/2003,96.09
06/08/2003,96.26
07/08/2003,96.14
08/08/2003,98.03
11/08/2003,97.73
12/08/2003,98.58
13/08/2003,99.73
14/08/2003,99.5
18/08/2003,100.8
19/08/2003,101.16
20/08/2003,100.91
21/08/2003,100.58
22/08/2003,102.28
25/08/2003,104.74
26/08/2003,104.84
27/08/2003,106.32
28/08/2003,106.33
29/08/2003,105.8
01/09/2003,107.53
02/09/2003,109.85
03/09/2003,109.8
04/09/2003,108.95
05/09/2003,107.49
08/09/2003,105.69
09/09/2003,105.59
10/09/2003,104.32
11/09/2003,102.52
12/09/2003,103.02
15/09/2003,101.8
16/09/2003,101.59
17/09/2003,103.64
18/09/2003,103.4
19/09/2003,103.4
22/09/2003,103.57
23/09/2003,101.43
24/09/2003,101.84
25/09/2003,102.03
26/09/2003,101.93
29/09/2003,102.55
30/09/2003,102.01
01/10/2003,99.99
02/10/2003,100.1
03/10/2003,101.57
06/10/2003,102.6
07/10/2003,105.74
08/10/2003,105.52
09/10/2003,106.84
10/10/2003,107.73
13/10/2003,107.75
14/10/2003,107.4
15/10/2003,109.15
16/10/2003,110.04
17/10/2003,108.48
20/10/2003,107.6
21/10/2003,107.06
22/10/2003,105.54
23/10/2003,104.17
24/10/2003,104.21
27/10/2003,103.77
28/10/2003,102.77
29/10/2003,105.42
30/10/2003,105.23
31/10/2003,107.16
03/11/2003,106.89
04/11/2003,107.32
05/11/2003,106.05
06/11/2003,105.87
07/11/2003,107.03
10/11/2003,106.87
12/11/2003,107.23
13/11/2003,106.03
14/11/2003,106.02
17/11/2003,106.17
18/11/2003,104.05
19/11/2003,103.25
20/11/2003,101.97
21/11/2003,100.12
24/11/2003,101.4
25/11/2003,102.19
26/11/2003,100.95
27/11/2003,101.24
28/11/2003,102.03
01/12/2003,101.99
02/12/2003,104.6
03/12/2003,104.9
04/12/2003,104.88
05/12/2003,103.9
08/12/2003,103.75
09/12/2003,105.73
10/12/2003,106.96
11/12/2003,106.61
12/12/2003,107.41
15/12/2003,108.78
16/12/2003,108.75
17/12/2003,108.75
18/12/2003,108.12
19/12/2003,108.68
22/12/2003,108.52
23/12/2003,108.7
29/12/2003,109.61
30/12/2003,109.59
31/12/2003,109.66
02/01/2004,109.44
05/01/2004,111.41
06/01/2004,114.55
07/01/2004,114.2
08/01/2004,113.89
09/01/2004,113.68
12/01/2004,113.3
13/01/2004,114.02
14/01/2004,115.14
15/01/2004,113.65
16/01/2004,114.23
19/01/2004,113.65
20/01/2004,114.02
21/01/2004,114.43
22/01/2004,113.71
23/01/2004,114.79
26/01/2004,115.06
27/01/2004,115.15
28/01/2004,115.03
29/01/2004,112.33
30/01/2004,111.83
02/02/2004,112.75
03/02/2004,113.84
04/02/2004,113.22
05/02/2004,113.63
06/02/2004,113.94
09/02/2004,115.07
10/02/2004,117.22
11/02/2004,118.32
12/02/2004,117.71
13/02/2004,118.29
16/02/2004,118
17/02/2004,118.87
18/02/2004,119.16
19/02/2004,119.12
20/02/2004,117.62
23/02/2004,118.1
24/02/2004,116.96
25/02/2004,114.81
26/02/2004,115.06
27/02/2004,115.49
01/03/2004,117.74
02/03/2004,119.82
03/03/2004,119.7
04/03/2004,119.17
05/03/2004,118.9
08/03/2004,119.69
09/03/2004,121.27
10/03/2004,119.31
11/03/2004,119.52
12/03/2004,117.67
15/03/2004,118.05
16/03/2004,116.82
17/03/2004,117.64
18/03/2004,118.38
19/03/2004,117.36
22/03/2004,116.62
23/03/2004,116.41
24/03/2004,117.35
25/03/2004,117.38
26/03/2004,118.22
29/03/2004,118.29
30/03/2004,118.92
31/03/2004,119.5
01/04/2004,118.85
02/04/2004,118.92
05/04/2004,120.95
06/04/2004,121.45
07/04/2004,121.52
08/04/2004,122.39
13/04/2004,123.06
14/04/2004,125.49
15/04/2004,125.28
16/04/2004,127.52
19/04/2004,126.78
20/04/2004,127.87
21/04/2004,128.79
22/04/2004,129.76
23/04/2004,127.41
26/04/2004,128.39
27/04/2004,128.49
28/04/2004,128.58
29/04/2004,128.38
30/04/2004,126.38
04/05/2004,126.9
05/05/2004,127.52
06/05/2004,126.59
07/05/2004,126.03
10/05/2004,125.12
11/05/2004,122.8
12/05/2004,121.6
13/05/2004,122.7
14/05/2004,121.2
17/05/2004,121.84
18/05/2004,122.29
19/05/2004,123.36
20/05/2004,124.73
21/05/2004,124.81
24/05/2004,124.71
25/05/2004,124.36
26/05/2004,122.7
27/05/2004,124.53
28/05/2004,125.34
31/05/2004,125.95
01/06/2004,126.23
02/06/2004,125.67
03/06/2004,126.82
04/06/2004,126.49
07/06/2004,125.9
08/06/2004,126.73
09/06/2004,126.64
11/06/2004,125.42
14/06/2004,125.71
15/06/2004,124.21
16/06/2004,124.64
17/06/2004,124.43
18/06/2004,123.65
21/06/2004,123.77
22/06/2004,125.69
23/06/2004,125.53
24/06/2004,126.44
25/06/2004,126.71
28/06/2004,127.47
29/06/2004,128.06
30/06/2004,128.19
01/07/2004,127.85
02/07/2004,127.53
05/07/2004,127.14
06/07/2004,127.3
07/07/2004,126.67
08/07/2004,127.1
09/07/2004,127.64
12/07/2004,127.67
13/07/2004,127.34
14/07/2004,126.48
15/07/2004,125.78
16/07/2004,125.18
19/07/2004,126.54
20/07/2004,127.02
21/07/2004,127.37
22/07/2004,128.52
23/07/2004,127.56
26/07/2004,127.69
27/07/2004,127.78
28/07/2004,127.48
29/07/2004,126.63
30/07/2004,126.73
02/08/2004,126.8
03/08/2004,126.84
04/08/2004,127.56
05/08/2004,127.8
06/08/2004,128.41
09/08/2004,127.14
10/08/2004,126.31
11/08/2004,126.5
12/08/2004,124.81
13/08/2004,125.45
16/08/2004,125.5
17/08/2004,125.5
18/08/2004,126.47
19/08/2004,126.95
20/08/2004,127.08
23/08/2004,127.63
24/08/2004,127.89
25/08/2004,129.21
26/08/2004,128.1
27/08/2004,128.11
30/08/2004,129.05
31/08/2004,128.81
01/09/2004,129.07
02/09/2004,129.39
03/09/2004,129.85
06/09/2004,129.93
07/09/2004,130.44
08/09/2004,131.81
09/09/2004,131.99
10/09/2004,131.57
13/09/2004,132.24
14/09/2004,132.89
15/09/2004,132.89
16/09/2004,133.08
17/09/2004,133.07
20/09/2004,133.53
21/09/2004,133.43
22/09/2004,133.29
23/09/2004,132.93
24/09/2004,132.55
27/09/2004,131.75
28/09/2004,132.87
29/09/2004,133.76
30/09/2004,133.88
01/10/2004,134.05
04/10/2004,134.29
05/10/2004,136.06
06/10/2004,136.3
07/10/2004,136.52
08/10/2004,136.41
11/10/2004,135.32
12/10/2004,135.58
13/10/2004,133.52
14/10/2004,133.85
15/10/2004,133
18/10/2004,133.52
19/10/2004,132.93
20/10/2004,134.29
21/10/2004,133.69
22/10/2004,133.83
25/10/2004,133.81
26/10/2004,132.7
27/10/2004,133.04
28/10/2004,133.45
29/10/2004,133.58
02/11/2004,135.2
03/11/2004,136.18
04/11/2004,135.31
05/11/2004,135.15
08/11/2004,134.33
09/11/2004,133.64
10/11/2004,135.28
12/11/2004,135.84
15/11/2004,136.6
16/11/2004,136.24
17/11/2004,135.79
18/11/2004,136.16
19/11/2004,136.33
22/11/2004,136.23
23/11/2004,135.6
24/11/2004,134.65
25/11/2004,134.58
26/11/2004,135.72
29/11/2004,136.14
30/11/2004,136.26
01/12/2004,136.65
02/12/2004,137.66
03/12/2004,139.92
06/12/2004,139.62
07/12/2004,139.2
08/12/2004,139.9
09/12/2004,139.2
10/12/2004,138.16
13/12/2004,137.98
14/12/2004,138.31
15/12/2004,138.1
16/12/2004,138.78
17/12/2004,140.22
20/12/2004,140.44
21/12/2004,141.64
22/12/2004,140.95
23/12/2004,140.33
24/12/2004,140.11
27/12/2004,140.57
28/12/2004,141.03
29/12/2004,140.55
30/12/2004,142.26
31/12/2004,142.68
03/01/2005,143.49
04/01/2005,141.7
05/01/2005,140.38
06/01/2005,139.56
07/01/2005,139.42
10/01/2005,138.89
11/01/2005,138.61
12/01/2005,138.78
13/01/2005,139.42
14/01/2005,138.82
17/01/2005,138.82
18/01/2005,138.35
19/01/2005,136.66
20/01/2005,136.46
21/01/2005,136.15
24/01/2005,135.5
25/01/2005,136.97
26/01/2005,137.21
27/01/2005,138.3
28/01/2005,139.04
31/01/2005,139.83
01/02/2005,140.68
02/02/2005,140.65
03/02/2005,140.76
04/02/2005,141.2
07/02/2005,142.14
08/02/2005,142.62
09/02/2005,142.36
10/02/2005,142.56
11/02/2005,142.85
14/02/2005,142.71
15/02/2005,142.69
16/02/2005,145.38
17/02/2005,146.76
18/02/2005,147.8
21/02/2005,146.93
22/02/2005,146.54
23/02/2005,145.83
24/02/2005,146.54
25/02/2005,148.58
28/02/2005,149.04
01/03/2005,147.03
02/03/2005,145.87
03/03/2005,144.89
04/03/2005,145.51
07/03/2005,146.37
08/03/2005,145.83
09/03/2005,147.81
10/03/2005,146.42
11/03/2005,145.04
14/03/2005,143.61
15/03/2005,143.67
16/03/2005,142.14
17/03/2005,141.61
18/03/2005,141.75
21/03/2005,141.22
22/03/2005,140.49
23/03/2005,140.46
24/03/2005,141.79
29/03/2005,140.8
30/03/2005,141.55
31/03/2005,142.56
01/04/2005,142.9
04/04/2005,141.66
05/04/2005,142.58
06/04/2005,142.81
07/04/2005,142.58
11/04/2005,141.76
12/04/2005,141.97
13/04/2005,142.39
14/04/2005,140.63
15/04/2005,139.92
18/04/2005,138.73
19/04/2005,138.54
20/04/2005,138.61
21/04/2005,138.08
22/04/2005,139.06
25/04/2005,138.92
26/04/2005,138.05
27/04/2005,136.11
28/04/2005,135.96
29/04/2005,136.07
02/05/2005,135.53
04/05/2005,135.8
05/05/2005,136.16
06/05/2005,135.08
09/05/2005,135.43
10/05/2005,134.41
11/05/2005,134.05
12/05/2005,135.14
13/05/2005,134.55
16/05/2005,134.28
17/05/2005,134.18
18/05/2005,135.1
19/05/2005,136.51
20/05/2005,137.46
23/05/2005,137.26
24/05/2005,136.68
25/05/2005,137.07
27/05/2005,138.63
30/05/2005,139.13
31/05/2005,138.81
01/06/2005,138.2
02/06/2005,138.58
03/06/2005,139.02
06/06/2005,139.85
07/06/2005,140.45
08/06/2005,140.88
09/06/2005,140.78
10/06/2005,141.81
13/06/2005,142
14/06/2005,141.56
15/06/2005,141.34
16/06/2005,142.66
17/06/2005,143.02
20/06/2005,143.54
21/06/2005,143.13
22/06/2005,144.72
23/06/2005,144.78
24/06/2005,143.77
27/06/2005,142.36
28/06/2005,143.14
29/06/2005,143.57
30/06/2005,143.4
01/07/2005,144.09
04/07/2005,145.89
05/07/2005,146.18
06/07/2005,145.74
07/07/2005,143.97
08/07/2005,145.7
11/07/2005,145.96
12/07/2005,146.21
13/07/2005,147.27
14/07/2005,147.7
15/07/2005,147.63
18/07/2005,147.28
19/07/2005,146.15
20/07/2005,147.01
21/07/2005,146.36
22/07/2005,145.03
25/07/2005,145.86
26/07/2005,147.4
27/07/2005,147.76
28/07/2005,149.33
29/07/2005,151.25
01/08/2005,151.29
02/08/2005,153.21
03/08/2005,152.32
04/08/2005,150.95
05/08/2005,152.43
08/08/2005,152.63
09/08/2005,153
10/08/2005,153.73
11/08/2005,152.51
12/08/2005,151.51
16/08/2005,152.34
17/08/2005,151.57
18/08/2005,150.15
19/08/2005,149.71
22/08/2005,150.94
23/08/2005,150.21
24/08/2005,151.08
25/08/2005,149.97
26/08/2005,150.59
29/08/2005,151.27
30/08/2005,152.94
31/08/2005,152.99
01/09/2005,155
02/09/2005,155.31
05/09/2005,155.47
06/09/2005,155.27
07/09/2005,155.63
08/09/2005,155.32
09/09/2005,156.67
12/09/2005,157.34
13/09/2005,158.73
14/09/2005,157.42
15/09/2005,159.14
16/09/2005,161.94
19/09/2005,162.79
20/09/2005,163.64
21/09/2005,163.21
22/09/2005,163.66
23/09/2005,162.51
26/09/2005,161.62
27/09/2005,164.89
28/09/2005,164.68
29/09/2005,164.4
30/09/2005,164.67
03/10/2005,166.11
04/10/2005,168.29
05/10/2005,166.07
06/10/2005,162.89
07/10/2005,161.25
10/10/2005,161.61
11/10/2005,162.51
12/10/2005,162.16
13/10/2005,159.02
14/10/2005,156.98
17/10/2005,158.58
18/10/2005,158.54
19/10/2005,155.79
20/10/2005,156.55
21/10/2005,157.17
24/10/2005,158.01
25/10/2005,157.95
26/10/2005,159.3
27/10/2005,155.47
28/10/2005,155
31/10/2005,158.5
02/11/2005,160.05
03/11/2005,162.36
04/11/2005,163.36
07/11/2005,162.96
08/11/2005,162.57
09/11/2005,162.7
10/11/2005,162.77
14/11/2005,163.98
15/11/2005,163.41
16/11/2005,162.95
17/11/2005,165.62
18/11/2005,167.07
21/11/2005,166.38
22/11/2005,165.35
23/11/2005,165.27
24/11/2005,165.47
25/11/2005,165.27
28/11/2005,167.23
29/11/2005,166.35
30/11/2005,168
01/12/2005,168.89
02/12/2005,169.57
05/12/2005,171
06/12/2005,169.92
07/12/2005,170.37
08/12/2005,170.82
09/12/2005,170.49
12/12/2005,171.4
13/12/2005,171.53
14/12/2005,171.61
15/12/2005,174.02
16/12/2005,172.56
19/12/2005,173.5
20/12/2005,175.58
21/12/2005,175.51
22/12/2005,175.81
23/12/2005,176.58
27/12/2005,177.33
28/12/2005,177.43
29/12/2005,177.96
30/12/2005,176.66
02/01/2006,176.58
03/01/2006,181.84
04/01/2006,185.16
05/01/2006,186
06/01/2006,186.21
09/01/2006,190.53
10/01/2006,185.71
11/01/2006,188.39
12/01/2006,187.8
13/01/2006,186.05
16/01/2006,186.69
17/01/2006,188.45
18/01/2006,186.46
19/01/2006,191.33
20/01/2006,193.04
23/01/2006,191.94
24/01/2006,194.26
25/01/2006,195.53
26/01/2006,194.65
27/01/2006,193.89
30/01/2006,193.3
31/01/2006,191.24
01/02/2006,188.03
02/02/2006,189.1
03/02/2006,184.92
06/02/2006,186.85
07/02/2006,187.33
08/02/2006,188.3
09/02/2006,190.3
10/02/2006,188.71
13/02/2006,187.96
14/02/2006,187.66
15/02/2006,188.38
16/02/2006,188.17
17/02/2006,188.12
20/02/2006,192.68
21/02/2006,194.82
22/02/2006,194.27
23/02/2006,194.44
24/02/2006,194.84
27/02/2006,197.15
28/02/2006,196.08
01/03/2006,192.81
02/03/2006,194.69
03/03/2006,193.16
06/03/2006,194.1
07/03/2006,190.24
08/03/2006,189.31
09/03/2006,189.19
10/03/2006,187.81
13/03/2006,188.72
14/03/2006,187.77
15/03/2006,190.22
16/03/2006,191.71
17/03/2006,195.08
20/03/2006,194.87
21/03/2006,193.18
22/03/2006,191.83
23/03/2006,193.94
24/03/2006,196.06
27/03/2006,196.71
28/03/2006,196.62
29/03/2006,194.18
30/03/2006,197.97
31/03/2006,198.37
03/04/2006,199.68
04/04/2006,200.62
05/04/2006,202.97
06/04/2006,202.84
07/04/2006,206.21
10/04/2006,205.91
11/04/2006,205.05
12/04/2006,205.22
13/04/2006,208.46
18/04/2006,211.26
19/04/2006,211.89
20/04/2006,212.32
21/04/2006,215.76
24/04/2006,219.9
25/04/2006,218.13
26/04/2006,219.11
27/04/2006,219.39
28/04/2006,216.56
02/05/2006,218.55
04/05/2006,218.57
05/05/2006,220.59
08/05/2006,222.76
09/05/2006,222.59
10/05/2006,221.26
11/05/2006,223.1
12/05/2006,223.46
15/05/2006,217.66
16/05/2006,215.14
17/05/2006,218.32
18/05/2006,212.79
19/05/2006,212.76
22/05/2006,208.46
23/05/2006,193.74
24/05/2006,201.94
25/05/2006,196.33
26/05/2006,202.49
29/05/2006,204.36
30/05/2006,199.49
31/05/2006,200.05
01/06/2006,200.01
02/06/2006,205.45
05/06/2006,207.45
06/06/2006,204.52
07/06/2006,202.08
08/06/2006,197.93
09/06/2006,197.99
12/06/2006,189.75
13/06/2006,182.03
14/06/2006,180.62
16/06/2006,188.73
19/06/2006,186.79
20/06/2006,189.65
21/06/2006,190.41
22/06/2006,192.01
23/06/2006,188.59
26/06/2006,191.25
27/06/2006,195.77
28/06/2006,199.69
29/06/2006,202.53
30/06/2006,206.21
03/07/2006,205.17
04/07/2006,207.09
05/07/2006,207.05
06/07/2006,207.32
07/07/2006,214.65
10/07/2006,217.72
11/07/2006,217.19
12/07/2006,219.38
13/07/2006,217.19
14/07/2006,212.9
17/07/2006,210.55
18/07/2006,211.7
19/07/2006,212.83
20/07/2006,218.25
21/07/2006,218.85
24/07/2006,219.76
25/07/2006,222.85
26/07/2006,221.33
27/07/2006,226.44
28/07/2006,229.51
31/07/2006,230.42
01/08/2006,229.81
02/08/2006,225.68
03/08/2006,221.28
04/08/2006,221.06
07/08/2006,218.48
08/08/2006,220.88
09/08/2006,221.15
10/08/2006,222.22
11/08/2006,221.83
14/08/2006,217.02
16/08/2006,219.49
17/08/2006,219.87
18/08/2006,217.44
21/08/2006,218.68
22/08/2006,220.86
23/08/2006,220.89
24/08/2006,219.43
25/08/2006,217.23
28/08/2006,215.89
29/08/2006,219.31
30/08/2006,221.75
31/08/2006,221.63
01/09/2006,220.44
04/09/2006,223.71
05/09/2006,225.57
06/09/2006,225.59
07/09/2006,223.29
08/09/2006,223.94
11/09/2006,219.6
12/09/2006,221.13
13/09/2006,225.47
14/09/2006,225.35
15/09/2006,222.89
18/09/2006,225.6
19/09/2006,224.29
20/09/2006,221.83
21/09/2006,222.91
22/09/2006,220.6
25/09/2006,222.96
26/09/2006,224.64
27/09/2006,224.36
28/09/2006,224.41
29/09/2006,223.96
02/10/2006,223.18
03/10/2006,222.5
04/10/2006,222.7
05/10/2006,226.49
06/10/2006,227.09
09/10/2006,227.36
10/10/2006,233.4
11/10/2006,233.48
12/10/2006,234
13/10/2006,237.88
16/10/2006,239.03
17/10/2006,237.98
18/10/2006,238.78
19/10/2006,239.86
20/10/2006,241.59
23/10/2006,237.72
24/10/2006,238.73
25/10/2006,238.9
26/10/2006,241.7
27/10/2006,241.41
30/10/2006,236.64
31/10/2006,237.86
02/11/2006,235.78
03/11/2006,235.88
06/11/2006,239.73
07/11/2006,243.6
08/11/2006,243.44
09/11/2006,247.36
10/11/2006,245.79
13/11/2006,242.75
14/11/2006,241.94
15/11/2006,239.78
16/11/2006,238.68
17/11/2006,238.87
20/11/2006,238.36
21/11/2006,241.47
22/11/2006,245.59
23/11/2006,246.38
24/11/2006,244.94
27/11/2006,246.08
28/11/2006,244.42
29/11/2006,247.78
30/11/2006,251
01/12/2006,252.37
04/12/2006,253.25
05/12/2006,257.65
06/12/2006,259.47
07/12/2006,260.66
08/12/2006,259.87
11/12/2006,259.87
12/12/2006,258.62
13/12/2006,259.87
14/12/2006,259.68
15/12/2006,255.17
18/12/2006,258.23
19/12/2006,256.89
20/12/2006,253.76
21/12/2006,250.68
22/12/2006,251.08
27/12/2006,252.26
28/12/2006,252.91
29/12/2006,251.03
02/01/2007,254.76
03/01/2007,257.46
04/01/2007,253.55
05/01/2007,250.15
08/01/2007,248
09/01/2007,251.41
10/01/2007,250.38
11/01/2007,252.69
12/01/2007,257.26
15/01/2007,260.95
16/01/2007,262.53
17/01/2007,263.6
18/01/2007,270.3
19/01/2007,272.27
22/01/2007,275.09
23/01/2007,268.32
24/01/2007,272.3
25/01/2007,273.01
26/01/2007,268.92
29/01/2007,271.25
30/01/2007,269.72
31/01/2007,272.24
01/02/2007,276.34
02/02/2007,277.02
05/02/2007,277.29
06/02/2007,278.12
07/02/2007,277.11
08/02/2007,272.46
09/02/2007,270.02
12/02/2007,268.24
13/02/2007,267.54
14/02/2007,272.38
15/02/2007,272.24
16/02/2007,270.87
19/02/2007,273.2
20/02/2007,273.7
21/02/2007,276.22
22/02/2007,277.38
23/02/2007,278.3
26/02/2007,278.17
27/02/2007,269.72
28/02/2007,261.22
01/03/2007,264.36
02/03/2007,259.25
05/03/2007,252.86
06/03/2007,257.5
07/03/2007,261.28
08/03/2007,263.66
09/03/2007,265.51
12/03/2007,268.12
13/03/2007,268.05
14/03/2007,261.72
15/03/2007,268.16
16/03/2007,268.43
19/03/2007,273.89
20/03/2007,273.33
21/03/2007,276.56
22/03/2007,282.72
23/03/2007,282.69
26/03/2007,284.36
27/03/2007,284.51
28/03/2007,282.12
29/03/2007,282.41
30/03/2007,286.54
02/04/2007,284.43
03/04/2007,286.58
04/04/2007,289.75
05/04/2007,290.06
10/04/2007,293.35
11/04/2007,295.06
12/04/2007,291.19
13/04/2007,295.42
16/04/2007,299.2
17/04/2007,296.11
18/04/2007,300.91
19/04/2007,295.53
20/04/2007,300.07
23/04/2007,301.2
24/04/2007,299.7
25/04/2007,298.56
26/04/2007,300.66
27/04/2007,299.06
30/04/2007,298
02/05/2007,302.33
04/05/2007,306.46
07/05/2007,309.72
08/05/2007,308.48
09/05/2007,303.94
10/05/2007,302.6
11/05/2007,294.14
14/05/2007,303.66
15/05/2007,302.65
16/05/2007,299.19
17/05/2007,302.22
18/05/2007,300.11
21/05/2007,304.88
22/05/2007,308.56
23/05/2007,309.12
24/05/2007,307.08
25/05/2007,307.94
28/05/2007,311.6
29/05/2007,314.84
30/05/2007,312.17
31/05/2007,318.52
01/06/2007,319.98
04/06/2007,321.8
05/06/2007,324.33
06/06/2007,317.51
08/06/2007,311.23
11/06/2007,317.01
12/06/2007,316.77
13/06/2007,313.98
14/06/2007,320.49
15/06/2007,323.26
18/06/2007,325.64
19/06/2007,324.22
20/06/2007,327.21
21/06/2007,324.71
22/06/2007,326.71
25/06/2007,328.64
26/06/2007,330.98
27/06/2007,331.47
28/06/2007,331.14
29/06/2007,331.4
02/07/2007,328.36
03/07/2007,332
04/07/2007,335.02
05/07/2007,335.72
06/07/2007,338.84
09/07/2007,339.26
10/07/2007,334.83
11/07/2007,332.59
12/07/2007,332.12
13/07/2007,335.6
16/07/2007,328.79
17/07/2007,324.75
18/07/2007,328.83
19/07/2007,332.33
20/07/2007,331.04
23/07/2007,328.64
24/07/2007,330.92
25/07/2007,322.63
26/07/2007,326.06
27/07/2007,313.89
30/07/2007,314.38
31/07/2007,318.65
01/08/2007,310.72
02/08/2007,315.03
03/08/2007,312.98
06/08/2007,304.31
07/08/2007,310.58
08/08/2007,307.81
09/08/2007,307.55
10/08/2007,296.2
13/08/2007,294.47
14/08/2007,296.14
16/08/2007,276.46
17/08/2007,270.9
20/08/2007,284.46
21/08/2007,277.62
22/08/2007,283.64
23/08/2007,293.85
24/08/2007,292.62
27/08/2007,301.55
28/08/2007,297.86
29/08/2007,294.45
30/08/2007,299.66
31/08/2007,299.56
03/09/2007,302.33
04/09/2007,301.87
05/09/2007,303.74
06/09/2007,300.41
07/09/2007,298.92
10/09/2007,290.4
11/09/2007,291.44
12/09/2007,291.95
13/09/2007,295.51
14/09/2007,296.69
17/09/2007,294.8
18/09/2007,295.85
19/09/2007,305.06
20/09/2007,307.8
21/09/2007,308.56
24/09/2007,306.49
25/09/2007,301.76
26/09/2007,303.08
27/09/2007,304.95
28/09/2007,301.71
01/10/2007,295.63
02/10/2007,299.78
03/10/2007,300.05
04/10/2007,300.34
05/10/2007,300.7
08/10/2007,303.6
09/10/2007,305.67
10/10/2007,310.49
11/10/2007,310.94
12/10/2007,310.96
15/10/2007,314.44
16/10/2007,312.03
17/10/2007,310.14
18/10/2007,309.88
19/10/2007,308.42
22/10/2007,305.15
23/10/2007,308.42
24/10/2007,309.68
25/10/2007,310.42
26/10/2007,308.5
29/10/2007,311.28
30/10/2007,309.04
31/10/2007,308.75
02/11/2007,303.69
05/11/2007,301.05
06/11/2007,300.29
07/11/2007,295.66
08/11/2007,287.44
09/11/2007,288.76
12/11/2007,282.64
13/11/2007,280.66
14/11/2007,286.46
15/11/2007,277.3
16/11/2007,268.66
19/11/2007,272.98
20/11/2007,270.28
21/11/2007,266.92
22/11/2007,269.38
23/11/2007,276.66
26/11/2007,275.17
27/11/2007,270.77
28/11/2007,269.39
29/11/2007,278.51
30/11/2007,281.24
03/12/2007,280.47
04/12/2007,279.62
05/12/2007,284.06
06/12/2007,289.44
07/12/2007,287.95
10/12/2007,291.68
11/12/2007,288.15
12/12/2007,285.9
13/12/2007,287.74
14/12/2007,282.64
17/12/2007,277.25
18/12/2007,273.36
19/12/2007,271.76
20/12/2007,274.09
21/12/2007,278.07
27/12/2007,278.41
28/12/2007,278.21
02/01/2008,277.31
03/01/2008,274.33
04/01/2008,277.09
07/01/2008,270.01
08/01/2008,267.09
09/01/2008,263.62
10/01/2008,258.86
11/01/2008,256.32
14/01/2008,247.05
15/01/2008,246.77
16/01/2008,228.7
17/01/2008,231.66
18/01/2008,230.4
21/01/2008,228.24
22/01/2008,220.28
23/01/2008,227.31
24/01/2008,232.32
25/01/2008,236.47
28/01/2008,232.47
29/01/2008,238.48
30/01/2008,240.88
31/01/2008,240.69
01/02/2008,243.54
04/02/2008,249.58
05/02/2008,246.88
06/02/2008,237.69
07/02/2008,240.45
08/02/2008,238.55
11/02/2008,242.02
12/02/2008,244.79
13/02/2008,249.35
14/02/2008,252.12
15/02/2008,250.15
18/02/2008,251.55
19/02/2008,251.96
20/02/2008,250.47
21/02/2008,252.55
22/02/2008,249.91
25/02/2008,251.66
26/02/2008,250.41
27/02/2008,248.41
28/02/2008,245.34
29/02/2008,244.49
03/03/2008,235.29
04/03/2008,235.26
05/03/2008,236.36
06/03/2008,237.4
07/03/2008,232.81
10/03/2008,236.99
11/03/2008,237.57
12/03/2008,241.37
13/03/2008,236.51
14/03/2008,236.6
17/03/2008,230.02
18/03/2008,230.55
19/03/2008,234.54
20/03/2008,235.44
25/03/2008,240.14
26/03/2008,239.8
27/03/2008,242.54
28/03/2008,241.15
31/03/2008,239.5
01/04/2008,243.93
02/04/2008,246.48
03/04/2008,244.13
04/04/2008,243.23
07/04/2008,245.86
08/04/2008,243.62
09/04/2008,242.92
10/04/2008,242.56
11/04/2008,244.25
14/04/2008,237.55
15/04/2008,236.41
16/04/2008,237.26
17/04/2008,238.72
18/04/2008,238.63
21/04/2008,238.49
22/04/2008,235
23/04/2008,230.66
24/04/2008,231.49
25/04/2008,233.58
28/04/2008,235.66
29/04/2008,234.44
30/04/2008,233.91
05/05/2008,238.96
06/05/2008,240.08
07/05/2008,242.22
08/05/2008,240.44
09/05/2008,238.84
12/05/2008,240.36
13/05/2008,239.72
14/05/2008,241.1
15/05/2008,239.36
16/05/2008,239.22
19/05/2008,237.23
20/05/2008,235.8
21/05/2008,234.26
23/05/2008,231
26/05/2008,232.61
27/05/2008,232.43
28/05/2008,233
29/05/2008,233.09
30/05/2008,231.64
02/06/2008,229.86
03/06/2008,230.15
04/06/2008,229.57
05/06/2008,228.4
06/06/2008,229.69
09/06/2008,223.13
10/06/2008,220.57
11/06/2008,217.54
12/06/2008,214.79
13/06/2008,214.84
16/06/2008,218.14
17/06/2008,217.39
18/06/2008,216.14
19/06/2008,215.52
20/06/2008,216.95
23/06/2008,212.67
24/06/2008,210.44
25/06/2008,209.87
26/06/2008,209.49
27/06/2008,205.91
30/06/2008,204.42
01/07/2008,200.41
02/07/2008,198.41
03/07/2008,195.99
04/07/2008,195.15
07/07/2008,190.64
08/07/2008,187.98
09/07/2008,195.05
10/07/2008,193.42
11/07/2008,191.07
14/07/2008,186.55
15/07/2008,182.67
16/07/2008,180.13
17/07/2008,183.98
18/07/2008,185.98
21/07/2008,189.4
22/07/2008,192.49
23/07/2008,195.17
24/07/2008,197.93
25/07/2008,194.51
28/07/2008,198.25
29/07/2008,197.37
30/07/2008,202.06
31/07/2008,203.84
01/08/2008,202.65
04/08/2008,201.89
05/08/2008,202.93
06/08/2008,203.62
07/08/2008,203.29
08/08/2008,199.3
11/08/2008,200.46
12/08/2008,202.22
13/08/2008,201.92
14/08/2008,202.31
18/08/2008,200.25
19/08/2008,198.39
20/08/2008,196.31
21/08/2008,195.71
22/08/2008,197.61
25/08/2008,199.18
26/08/2008,196.76
27/08/2008,194.37
28/08/2008,194.08
29/08/2008,198.35
01/09/2008,198.3
02/09/2008,201.13
03/09/2008,202.36
04/09/2008,203.39
05/09/2008,198.91
08/09/2008,200.39
09/09/2008,199.36
10/09/2008,196.71
11/09/2008,193.96
12/09/2008,195.19
15/09/2008,189.57
16/09/2008,186.44
17/09/2008,183.24
18/09/2008,181.19
19/09/2008,186.63
22/09/2008,188.42
23/09/2008,184.56
24/09/2008,184.48
25/09/2008,185.5
26/09/2008,187.8
29/09/2008,184.12
30/09/2008,179.84
01/10/2008,185.76
02/10/2008,184.13
03/10/2008,179.59
06/10/2008,172.3
07/10/2008,167.36
08/10/2008,161.06
09/10/2008,165.56
10/10/2008,154.82
13/10/2008,157.59
14/10/2008,162.04
15/10/2008,155.99
16/10/2008,147.62
17/10/2008,145.53
20/10/2008,145.6
21/10/2008,147.72
22/10/2008,141.56
23/10/2008,131.84
24/10/2008,126.66
27/10/2008,124.09
28/10/2008,129.61
29/10/2008,135.93
30/10/2008,141.21
31/10/2008,139.12
03/11/2008,142.01
04/11/2008,144.76
05/11/2008,144.44
06/11/2008,140.07
07/11/2008,142.33
10/11/2008,144.49
12/11/2008,137.98
13/11/2008,134.73
14/11/2008,136.66
17/11/2008,133.63
18/11/2008,128.16
19/11/2008,129.76
20/11/2008,124.76
21/11/2008,126.51
24/11/2008,130.29
25/11/2008,133.44
26/11/2008,133.8
27/11/2008,135.18
28/11/2008,133.2
01/12/2008,130.09
02/12/2008,130.35
03/12/2008,130.37
04/12/2008,131.17
05/12/2008,131.23
08/12/2008,133.55
09/12/2008,136.04
10/12/2008,133.68
11/12/2008,133.2
12/12/2008,130.34
15/12/2008,130.76
16/12/2008,131.44
17/12/2008,131.6
18/12/2008,129.22
19/12/2008,129.12
22/12/2008,127.6
23/12/2008,127.03
29/12/2008,128.48
30/12/2008,129.6
31/12/2008,129.92
05/01/2009,133
06/01/2009,134.94
07/01/2009,135.26
08/01/2009,133.11
09/01/2009,131.65
12/01/2009,129.59
13/01/2009,126.77
14/01/2009,127.02
15/01/2009,123.92
16/01/2009,124.2
19/01/2009,124.31
20/01/2009,120.78
21/01/2009,118.95
22/01/2009,121.51
23/01/2009,117.58
26/01/2009,118.81
27/01/2009,119.61
28/01/2009,119.43
29/01/2009,118.62
30/01/2009,117.36
02/02/2009,115.18
03/02/2009,112.74
04/02/2009,112.39
05/02/2009,111.99
06/02/2009,114.38
09/02/2009,114.84
10/02/2009,116.97
11/02/2009,116.65
12/02/2009,113.67
13/02/2009,114.42
16/02/2009,111.26
17/02/2009,107.53
18/02/2009,102.36
19/02/2009,107.54
20/02/2009,104.96
23/02/2009,106.24
24/02/2009,104.38
25/02/2009,107.6
26/02/2009,104.61
27/02/2009,107.15
02/03/2009,104.76
03/03/2009,105.36
04/03/2009,107.34
05/03/2009,108.51
06/03/2009,108.53
09/03/2009,108.66
10/03/2009,109.63
11/03/2009,112.48
12/03/2009,110.18
13/03/2009,112.71
16/03/2009,112.48
17/03/2009,112.66
18/03/2009,111.72
19/03/2009,111.96
20/03/2009,112.3
23/03/2009,115.84
24/03/2009,116.83
25/03/2009,118.06
26/03/2009,122.29
27/03/2009,119.24
30/03/2009,116.52
31/03/2009,116.57
01/04/2009,115.14
02/04/2009,119.89
03/04/2009,124.61
06/04/2009,127.48
07/04/2009,124.78
08/04/2009,125.75
09/04/2009,127.82
14/04/2009,133.84
15/04/2009,130.86
16/04/2009,131.63
17/04/2009,130.16
20/04/2009,127.09
21/04/2009,127.74
22/04/2009,129.96
23/04/2009,131.14
24/04/2009,131.12
27/04/2009,132.36
28/04/2009,129.45
29/04/2009,132.43
30/04/2009,134.99
04/05/2009,138.43
05/05/2009,139.73
06/05/2009,138.58
07/05/2009,139.08
08/05/2009,136.45
11/05/2009,135.37
12/05/2009,137.98
13/05/2009,137.37
14/05/2009,135.08
15/05/2009,135.35
18/05/2009,135.43
19/05/2009,138.82
20/05/2009,139.07
21/05/2009,136.69
22/05/2009,135.13
25/05/2009,133.19
26/05/2009,132.67
27/05/2009,134.93
28/05/2009,134.1
29/05/2009,135.41
01/06/2009,139.25
02/06/2009,141.52
03/06/2009,140.66
04/06/2009,142.17
05/06/2009,142.05
08/06/2009,139.92
09/06/2009,141.42
10/06/2009,143.53
12/06/2009,145.12
15/06/2009,143.33
16/06/2009,142.46
17/06/2009,140.23
18/06/2009,140.3
19/06/2009,141.7
22/06/2009,136.75
23/06/2009,136.29
24/06/2009,137.04
25/06/2009,136.67
26/06/2009,137.33
29/06/2009,138.06
30/06/2009,138.06
01/07/2009,138.44
02/07/2009,137.24
03/07/2009,137.18
06/07/2009,136.11
07/07/2009,136.02
08/07/2009,135.55
09/07/2009,135.98
10/07/2009,135.03
13/07/2009,135.62
14/07/2009,139.23
15/07/2009,141.09
16/07/2009,141.09
17/07/2009,140.53
20/07/2009,144.69
21/07/2009,146.24
22/07/2009,144.75
23/07/2009,146.88
24/07/2009,148.9
27/07/2009,148.72
28/07/2009,146.98
29/07/2009,148.16
30/07/2009,152.84
31/07/2009,153.31
03/08/2009,154.51
04/08/2009,153.12
05/08/2009,150.44
06/08/2009,151.23
07/08/2009,152.96
10/08/2009,154.04
11/08/2009,152.26
12/08/2009,151.44
13/08/2009,153.81
14/08/2009,152.89
17/08/2009,149.1
18/08/2009,150.12
19/08/2009,151.56
20/08/2009,155.69
21/08/2009,159.95
24/08/2009,163.1
25/08/2009,164.58
26/08/2009,161.83
27/08/2009,160.37
28/08/2009,161.81
31/08/2009,160.86
01/09/2009,158.98
02/09/2009,153.56
03/09/2009,154.15
04/09/2009,154.4
07/09/2009,157.99
08/09/2009,157.39
09/09/2009,158.34
10/09/2009,156.95
11/09/2009,155.67
14/09/2009,152.91
15/09/2009,153.07
16/09/2009,154.91
17/09/2009,156.1
18/09/2009,155.74
21/09/2009,155.37
22/09/2009,160.7
23/09/2009,161.52
24/09/2009,160.62
25/09/2009,160.41
28/09/2009,161.24
29/09/2009,158.77
30/09/2009,158.34
01/10/2009,160.65
02/10/2009,156.27
05/10/2009,156.81
06/10/2009,159.81
07/10/2009,158.08
08/10/2009,158.84
09/10/2009,159.12
12/10/2009,159.91
13/10/2009,159.12
14/10/2009,162.13
15/10/2009,160.97
16/10/2009,160.65
19/10/2009,162.46
20/10/2009,163.77
21/10/2009,165.05
22/10/2009,165.13
23/10/2009,167.5
26/10/2009,166.07
27/10/2009,163.83
28/10/2009,161.18
29/10/2009,162.27
30/10/2009,161.1
02/11/2009,160.48
03/11/2009,157.75
04/11/2009,160.12
05/11/2009,162.08
06/11/2009,161.18
09/11/2009,164.41
10/11/2009,164.82
12/11/2009,165.77
13/11/2009,164.46
16/11/2009,167.33
17/11/2009,166.97
18/11/2009,164.34
19/11/2009,162.25
20/11/2009,162.95
23/11/2009,166.38
24/11/2009,164.25
25/11/2009,164.12
26/11/2009,161.96
27/11/2009,161.69
30/11/2009,163.43
01/12/2009,164.76
02/12/2009,165.31
03/12/2009,165.67
04/12/2009,168.48
07/12/2009,167.47
08/12/2009,164.76
09/12/2009,161.84
10/12/2009,161.68
11/12/2009,162.89
14/12/2009,163.9
15/12/2009,163.98
16/12/2009,164.6
17/12/2009,163.17
18/12/2009,163.16
21/12/2009,163.85
22/12/2009,165
23/12/2009,164.83
28/12/2009,166.14
29/12/2009,167.03
30/12/2009,165.77
31/12/2009,165.6
04/01/2010,168.64
05/01/2010,169.22
06/01/2010,169.92
07/01/2010,168.24
08/01/2010,168.72
11/01/2010,170.32
12/01/2010,168.84
13/01/2010,169.4
14/01/2010,169.34
15/01/2010,168.97
18/01/2010,170.16
19/01/2010,171
20/01/2010,171.21
21/01/2010,170.03
22/01/2010,166.94
25/01/2010,166.95
26/01/2010,165.52
27/01/2010,165
28/01/2010,164.83
29/01/2010,165.48
01/02/2010,164.54
02/02/2010,165.1
03/02/2010,165.75
04/02/2010,160.78
05/02/2010,156.67
08/02/2010,156.07
09/02/2010,157.15
10/02/2010,157.5
11/02/2010,155.79
12/02/2010,157.52
15/02/2010,159.81
16/02/2010,159.59
17/02/2010,161.68
18/02/2010,160.39
19/02/2010,160.34
22/02/2010,161.08
23/02/2010,159.67
24/02/2010,159.26
25/02/2010,157.35
26/02/2010,160.43
01/03/2010,161.67
02/03/2010,163.74
03/03/2010,164.19
04/03/2010,164.33
05/03/2010,165.91
08/03/2010,166.96
09/03/2010,166.64
10/03/2010,167.9
11/03/2010,167.72
12/03/2010,168.5
15/03/2010,167.72
16/03/2010,170.35
17/03/2010,171.76
18/03/2010,170.73
19/03/2010,170.55
22/03/2010,170.63
23/03/2010,171.49
24/03/2010,171.56
25/03/2010,173.64
26/03/2010,173.94
29/03/2010,173.79
30/03/2010,174.76
31/03/2010,174.52
01/04/2010,176.73
06/04/2010,177.85
07/04/2010,176.73
08/04/2010,174.68
09/04/2010,176.62
12/04/2010,177.3
13/04/2010,177.83
14/04/2010,180.27
15/04/2010,180.45
16/04/2010,178.66
19/04/2010,175.39
20/04/2010,177.06
21/04/2010,176.32
22/04/2010,173.72
23/04/2010,175.14
26/04/2010,178.28
27/04/2010,176.43
28/04/2010,173.97
29/04/2010,176.22
30/04/2010,177.25
04/05/2010,172.84
05/05/2010,169.71
06/05/2010,168.64
07/05/2010,164.85
10/05/2010,171.52
11/05/2010,170.08
12/05/2010,172.48
13/05/2010,172.28
14/05/2010,169.19
17/05/2010,169.51
18/05/2010,170.26
19/05/2010,165.79
20/05/2010,161.39
21/05/2010,161.91
24/05/2010,163.26
25/05/2010,160.14
26/05/2010,165.28
27/05/2010,166.89
28/05/2010,168.4
31/05/2010,169.17
01/06/2010,166.94
02/06/2010,167.45
04/06/2010,165.27
07/06/2010,163.57
08/06/2010,163.19
09/06/2010,163.9
10/06/2010,165.63
11/06/2010,165.41
14/06/2010,166.93
15/06/2010,167.04
16/06/2010,166.84
17/06/2010,165.69
18/06/2010,165.61
21/06/2010,167.13
22/06/2010,166.1
23/06/2010,163.88
24/06/2010,162.98
25/06/2010,163.53
28/06/2010,163.54
29/06/2010,160.98
30/06/2010,160.1
01/07/2010,159.91
02/07/2010,161.41
05/07/2010,161
06/07/2010,162.92
07/07/2010,162.78
08/07/2010,163.12
09/07/2010,163.22
12/07/2010,164.51
13/07/2010,165.92
14/07/2010,166.48
15/07/2010,166.73
16/07/2010,165.85
19/07/2010,165.98
20/07/2010,164.94
21/07/2010,167.79
22/07/2010,169.85
23/07/2010,170.54
26/07/2010,171.65
27/07/2010,171.19
28/07/2010,170.6
29/07/2010,171.02
30/07/2010,170.34
02/08/2010,173.33
03/08/2010,173.46
04/08/2010,173.79
05/08/2010,173.32
06/08/2010,173.62
09/08/2010,172.72
10/08/2010,170.92
11/08/2010,169.07
12/08/2010,169.45
13/08/2010,169.1
16/08/2010,170.48
17/08/2010,170.74
18/08/2010,170.24
19/08/2010,169.71
20/08/2010,169.04
23/08/2010,170.6
24/08/2010,167.78
25/08/2010,166.69
26/08/2010,167.15
27/08/2010,168.59
30/08/2010,168.16
31/08/2010,168.95
01/09/2010,169.6
02/09/2010,171.3
03/09/2010,172
06/09/2010,172.58
07/09/2010,171.85
08/09/2010,173.84
09/09/2010,174.32
10/09/2010,174.29
13/09/2010,175.83
14/09/2010,175.39
15/09/2010,175.44
16/09/2010,175.17
17/09/2010,175.14
20/09/2010,175.64
21/09/2010,176.84
22/09/2010,176.76
23/09/2010,175.82
24/09/2010,177.66
27/09/2010,176.86
28/09/2010,175.38
29/09/2010,175.99
30/09/2010,177.36
01/10/2010,177.28
04/10/2010,177.98
05/10/2010,179.25
06/10/2010,180.2
07/10/2010,178.52
08/10/2010,177.63
11/10/2010,178.33
12/10/2010,178.25
13/10/2010,181.03
14/10/2010,180.37
15/10/2010,179.49
18/10/2010,179.12
19/10/2010,177.14
20/10/2010,177.27
21/10/2010,178.62
22/10/2010,178.26
25/10/2010,178.73
26/10/2010,178.24
27/10/2010,178.94
28/10/2010,179.19
29/10/2010,180.05
02/11/2010,181.27
03/11/2010,180.73
04/11/2010,183.21
05/11/2010,183.64
08/11/2010,183.71
09/11/2010,185.98
10/11/2010,184.02
12/11/2010,184.36
15/11/2010,183.73
16/11/2010,181.18
17/11/2010,180.28
18/11/2010,180.63
19/11/2010,178.8
22/11/2010,178.23
23/11/2010,177.28
24/11/2010,177.88
25/11/2010,178.21
26/11/2010,177
29/11/2010,175.7
30/11/2010,175.94
01/12/2010,178.14
02/12/2010,179.99
03/12/2010,181.43
06/12/2010,183.36
07/12/2010,184.38
08/12/2010,184.86
09/12/2010,184.85
10/12/2010,185.12
13/12/2010,185.78
14/12/2010,185.09
15/12/2010,185.82
16/12/2010,184.58
17/12/2010,184.63
20/12/2010,184.22
21/12/2010,185.54
22/12/2010,185.38
23/12/2010,185.33
27/12/2010,184.88
28/12/2010,184.33
29/12/2010,186.32
30/12/2010,185.97
31/12/2010,185.52
03/01/2011,186.78
04/01/2011,185.85
05/01/2011,183.75
07/01/2011,182.87
10/01/2011,181.35
11/01/2011,182.56
12/01/2011,185.36
13/01/2011,185.33
14/01/2011,184.46
17/01/2011,185.14
18/01/2011,188.42
19/01/2011,187
20/01/2011,185.4
21/01/2011,186.17
24/01/2011,185.16
25/01/2011,184.27
26/01/2011,185.31
27/01/2011,185.83
28/01/2011,185.09
31/01/2011,184.83
01/02/2011,186.39
02/02/2011,185.9
03/02/2011,186.4
04/02/2011,186.69
07/02/2011,187.01
08/02/2011,186.47
09/02/2011,185.98
10/02/2011,183.68
11/02/2011,185.07
14/02/2011,184.87
15/02/2011,184.29
16/02/2011,183.52
17/02/2011,181.33
18/02/2011,182.08
21/02/2011,181.84
22/02/2011,180.86
23/02/2011,181.94
24/02/2011,181.19
25/02/2011,182.39
28/02/2011,184.76
01/03/2011,183.22
02/03/2011,183.75
03/03/2011,186.03
04/03/2011,186.28
07/03/2011,186.56
08/03/2011,186.39
09/03/2011,186.09
10/03/2011,184.81
11/03/2011,184.29
14/03/2011,184.57
15/03/2011,183.87
16/03/2011,183.15
17/03/2011,185.34
18/03/2011,186.6
21/03/2011,187.12
22/03/2011,185.94
23/03/2011,185.98
24/03/2011,187.08
25/03/2011,188.34
28/03/2011,189.07
29/03/2011,188.78
30/03/2011,188.4
31/03/2011,189.04
01/04/2011,191.55
04/04/2011,192.35
05/04/2011,192.59
06/04/2011,194.71
07/04/2011,194.83
08/04/2011,193.65
11/04/2011,193.7
12/04/2011,192.6
13/04/2011,194.14
14/04/2011,193.42
15/04/2011,193.93
18/04/2011,191.4
19/04/2011,192.15
20/04/2011,193.99
21/04/2011,193.22
26/04/2011,194.05
27/04/2011,193.19
28/04/2011,193.52
29/04/2011,192.54
02/05/2011,193.17
04/05/2011,190.78
05/05/2011,189.28
06/05/2011,189.51
09/05/2011,187.72
10/05/2011,188.85
11/05/2011,187.8
12/05/2011,186.21
13/05/2011,185.93
16/05/2011,186.2
17/05/2011,183.88
18/05/2011,184.49
19/05/2011,184.81
20/05/2011,185.5
23/05/2011,184.12
24/05/2011,184.78
25/05/2011,186.08
26/05/2011,186.46
27/05/2011,187.3
30/05/2011,187.45
31/05/2011,189.62
01/06/2011,189.2
02/06/2011,188.52
03/06/2011,188.04
06/06/2011,187.15
07/06/2011,188.15
08/06/2011,187.38
09/06/2011,186.78
10/06/2011,186.02
13/06/2011,186.11
14/06/2011,186.85
15/06/2011,186.12
16/06/2011,185.7
17/06/2011,186.18
20/06/2011,184.51
21/06/2011,184.54
22/06/2011,182.99
24/06/2011,183.15
27/06/2011,181.96
28/06/2011,181.77
29/06/2011,183.27
30/06/2011,183.75
01/07/2011,184.13
04/07/2011,183.67
05/07/2011,183.91
06/07/2011,182.36
07/07/2011,185.21
08/07/2011,184.14
11/07/2011,180.97
12/07/2011,179.83
13/07/2011,181.21
14/07/2011,179.9
15/07/2011,179.82
18/07/2011,175.67
19/07/2011,175.05
20/07/2011,174.96
21/07/2011,177.06
22/07/2011,178
25/07/2011,176.79
26/07/2011,176.29
27/07/2011,174.23
28/07/2011,175.32
29/07/2011,175.4
01/08/2011,174.99
02/08/2011,172.32
03/08/2011,165.77
04/08/2011,158.62
05/08/2011,155.47
08/08/2011,149.65
09/08/2011,143.51
10/08/2011,136.48
11/08/2011,141.54
12/08/2011,145.16
16/08/2011,149.55
17/08/2011,151.41
18/08/2011,141.4
19/08/2011,141.65
22/08/2011,144.58
23/08/2011,145.4
24/08/2011,145.4
25/08/2011,146.08
26/08/2011,146.43
29/08/2011,150
30/08/2011,152.36
31/08/2011,154.82
01/09/2011,151.9
02/09/2011,147.89
05/09/2011,142.05
06/09/2011,142.36
07/09/2011,147.06
08/09/2011,146.61
09/09/2011,141.38
12/09/2011,136.73
13/09/2011,137.89
14/09/2011,138.22
15/09/2011,141.91
16/09/2011,142.54
19/09/2011,140.36
20/09/2011,142.14
21/09/2011,142.18
22/09/2011,133.27
23/09/2011,131.94
26/09/2011,132.66
27/09/2011,136.93
28/09/2011,136.41
29/09/2011,137.69
30/09/2011,137.55
03/10/2011,134.97
04/10/2011,131.29
05/10/2011,134.08
06/10/2011,135.03
07/10/2011,136.05
10/10/2011,138.98
11/10/2011,139.1
12/10/2011,141.84
13/10/2011,139.83
14/10/2011,141.82
17/10/2011,141.31
18/10/2011,140.98
19/10/2011,141.38
20/10/2011,137.74
21/10/2011,141.68
24/10/2011,144.5
25/10/2011,142.87
26/10/2011,143.23
27/10/2011,146.75
28/10/2011,146.92
31/10/2011,145.56
02/11/2011,143.61
03/11/2011,144.92
04/11/2011,144.34
07/11/2011,144.56
08/11/2011,145.37
09/11/2011,142.28
10/11/2011,141.01
14/11/2011,141.95
15/11/2011,141.4
16/11/2011,142.02
17/11/2011,140.46
18/11/2011,138.01
21/11/2011,134.38
22/11/2011,134.46
23/11/2011,132.22
24/11/2011,132.21
25/11/2011,132.48
28/11/2011,134.64
29/11/2011,133.5
30/11/2011,137.91
01/12/2011,137.54
02/12/2011,137.4
05/12/2011,138.41
06/12/2011,136.34
07/12/2011,136.86
08/12/2011,135.39
09/12/2011,135.65
12/12/2011,133.23
13/12/2011,133.32
14/12/2011,132.94
15/12/2011,132.84
16/12/2011,131.22
19/12/2011,129.66
20/12/2011,131.37
21/12/2011,133.01
22/12/2011,133.05
23/12/2011,133.85
27/12/2011,134.06
28/12/2011,133.65
29/12/2011,133.95
30/12/2011,133.19
02/01/2012,135.01
03/01/2012,136.07
04/01/2012,134.91
05/01/2012,133.83
09/01/2012,133.04
10/01/2012,133.96
11/01/2012,133.3
12/01/2012,135
13/01/2012,134.75
16/01/2012,135.58
17/01/2012,137.62
18/01/2012,138.29
19/01/2012,138.83
20/01/2012,139.74
23/01/2012,140.67
24/01/2012,140.6
25/01/2012,140.94
26/01/2012,143.92
27/01/2012,144.48
30/01/2012,145
31/01/2012,146.01
01/02/2012,147.34
02/02/2012,147.81
03/02/2012,148.76
06/02/2012,150.69
07/02/2012,150.83
08/02/2012,151.71
09/02/2012,150.83
10/02/2012,149.01
13/02/2012,150.14
14/02/2012,149.5
15/02/2012,150.24
16/02/2012,149.96
17/02/2012,152.28
20/02/2012,152.21
21/02/2012,152.26
22/02/2012,150.64
23/02/2012,150.08
24/02/2012,150.35
27/02/2012,150.11
28/02/2012,151.07
29/02/2012,151.41
01/03/2012,151.07
02/03/2012,151.45
05/03/2012,149.74
06/03/2012,147.39
07/03/2012,148.73
08/03/2012,150.36
09/03/2012,150.3
12/03/2012,150.36
13/03/2012,151.22
14/03/2012,152.97
15/03/2012,154.02
16/03/2012,154.54
19/03/2012,153.84
20/03/2012,153.22
21/03/2012,153.15
22/03/2012,150.75
23/03/2012,151.81
26/03/2012,152.52
27/03/2012,153.14
28/03/2012,151.81
29/03/2012,150.23
30/03/2012,150.92
02/04/2012,152.15
03/04/2012,151.69
04/04/2012,149.42
05/04/2012,149.26
10/04/2012,146.99
11/04/2012,147.55
12/04/2012,149.08
13/04/2012,148.42
16/04/2012,148.07
17/04/2012,148.56
18/04/2012,146.91
19/04/2012,147.02
20/04/2012,146.08
23/04/2012,142.45
24/04/2012,142.6
25/04/2012,142.7
26/04/2012,143.42
27/04/2012,145.04
30/04/2012,145.65
02/05/2012,145.46
04/05/2012,145.13
07/05/2012,144.01
08/05/2012,142.56
09/05/2012,141.38
10/05/2012,141.53
11/05/2012,140.44
14/05/2012,137.55
15/05/2012,136.47
16/05/2012,135.79
17/05/2012,133.02
18/05/2012,132.22
21/05/2012,133.31
22/05/2012,134.37
23/05/2012,130.71
24/05/2012,130.13
25/05/2012,131.12
28/05/2012,131.64
29/05/2012,132.87
30/05/2012,132.19
31/05/2012,133.81
01/06/2012,131.3
04/06/2012,131.12
05/06/2012,129.84
06/06/2012,131.98
08/06/2012,134.05
11/06/2012,135.7
12/06/2012,137.93
13/06/2012,137.72
14/06/2012,137.52
15/06/2012,138.97
18/06/2012,138.93
19/06/2012,141.74
20/06/2012,140.99
21/06/2012,140.13
22/06/2012,139.87
25/06/2012,138.67
26/06/2012,139.56
27/06/2012,140.88
28/06/2012,139.57
29/06/2012,141.15
02/07/2012,140.17
03/07/2012,140.33
04/07/2012,140.11
05/07/2012,141.01
06/07/2012,140.99
09/07/2012,139.92
10/07/2012,139.96
11/07/2012,138.95
12/07/2012,138.52
13/07/2012,139.62
16/07/2012,139.12
17/07/2012,139.86
18/07/2012,139.96
19/07/2012,140.35
20/07/2012,139.12
23/07/2012,135.96
24/07/2012,136.54
25/07/2012,136.34
26/07/2012,136.25
27/07/2012,138.18
30/07/2012,139.4
31/07/2012,139.03
01/08/2012,138.94
02/08/2012,137.7
03/08/2012,139.51
06/08/2012,141.03
07/08/2012,140.94
08/08/2012,140.61
09/08/2012,142.1
10/08/2012,142.19
13/08/2012,142.55
14/08/2012,142.94
16/08/2012,144
17/08/2012,142.84
20/08/2012,142.3
21/08/2012,143.29
22/08/2012,142.25
23/08/2012,142.12
24/08/2012,141.9
27/08/2012,142.39
28/08/2012,141.76
29/08/2012,141.08
30/08/2012,140.36
31/08/2012,141.4
03/09/2012,141.71
04/09/2012,140.62
05/09/2012,141.08
06/09/2012,142.48
07/09/2012,143.77
10/09/2012,144.58
11/09/2012,144.53
12/09/2012,145.35
13/09/2012,145.57
14/09/2012,148.44
17/09/2012,148.09
18/09/2012,148.27
19/09/2012,148.72
20/09/2012,147.55
21/09/2012,147.74
24/09/2012,146.97
25/09/2012,148.15
26/09/2012,146.45
27/09/2012,147.3
28/09/2012,147.36
01/10/2012,148.74
02/10/2012,149.21
03/10/2012,149.27
04/10/2012,149.4
05/10/2012,151.46
08/10/2012,151.22
09/10/2012,150.62
10/10/2012,151.23
11/10/2012,152.06
12/10/2012,151.8
15/10/2012,152.11
16/10/2012,153.16
17/10/2012,153.38
18/10/2012,154.31
19/10/2012,152.53
22/10/2012,152.58
23/10/2012,151.07
24/10/2012,151.24
25/10/2012,151.09
26/10/2012,151.49
29/10/2012,151.52
30/10/2012,152.04
31/10/2012,152.41
02/11/2012,153.35
05/11/2012,152.98
06/11/2012,152.99
07/11/2012,152.09
08/11/2012,151.65
09/11/2012,151.05
12/11/2012,151.36
13/11/2012,151.7
14/11/2012,152.05
15/11/2012,151.45
16/11/2012,150.8
19/11/2012,152.53
20/11/2012,153.04
21/11/2012,152.42
22/11/2012,152.49
23/11/2012,152.92
26/11/2012,153.51
27/11/2012,154.23
28/11/2012,154.16
29/11/2012,154.73
30/11/2012,155.79
03/12/2012,156.78
04/12/2012,157.4
05/12/2012,158.1
06/12/2012,158.75
07/12/2012,158.45
10/12/2012,159.33
11/12/2012,160.13
12/12/2012,160.81
13/12/2012,161.1
14/12/2012,162.03
17/12/2012,161.97
18/12/2012,163.14
19/12/2012,164.52
20/12/2012,163.91
21/12/2012,163.15
27/12/2012,163.56
28/12/2012,163.35
02/01/2013,164.56
03/01/2013,165.83
04/01/2013,165.06
07/01/2013,164.95
08/01/2013,164.5
09/01/2013,164.68
10/01/2013,164.8
11/01/2013,165.02
14/01/2013,164.55
15/01/2013,163.54
16/01/2013,164.17
17/01/2013,165.18
18/01/2013,165.8
21/01/2013,166.65
22/01/2013,166.41
23/01/2013,166.48
24/01/2013,166.62
25/01/2013,166.75
28/01/2013,165.65
29/01/2013,164.91
30/01/2013,163.47
31/01/2013,163.56
01/02/2013,163.97
04/02/2013,163.03
05/02/2013,162.78
06/02/2013,161.13
07/02/2013,161.57
08/02/2013,162.29
11/02/2013,162.39
12/02/2013,162.35
13/02/2013,162.44
14/02/2013,162.26
15/02/2013,163.02
18/02/2013,162.87
19/02/2013,162.4
20/02/2013,161.69
21/02/2013,160.7
22/02/2013,161.13
25/02/2013,161.86
26/02/2013,160.98
27/02/2013,161.65
28/02/2013,161.6
01/03/2013,161.28
04/03/2013,160.51
05/03/2013,162
06/03/2013,162.03
07/03/2013,162.03
08/03/2013,163.14
11/03/2013,163.06
12/03/2013,163.06
13/03/2013,162.96
14/03/2013,163.89
15/03/2013,163.98
18/03/2013,162.91
19/03/2013,161.25
20/03/2013,161.32
21/03/2013,159.96
22/03/2013,158.84
25/03/2013,157.58
26/03/2013,158.4
27/03/2013,158.97
28/03/2013,158.84
02/04/2013,159.6
03/04/2013,157.99
04/04/2013,158.34
05/04/2013,158.16
08/04/2013,158.19
09/04/2013,158.35
10/04/2013,159.89
11/04/2013,161.55
12/04/2013,160.93
15/04/2013,159.25
17/04/2013,156.91
18/04/2013,155.3
19/04/2013,155.32
22/04/2013,154.58
23/04/2013,154.02
24/04/2013,154.59
25/04/2013,155.17
26/04/2013,155.57
29/04/2013,156.54
30/04/2013,156.79
02/05/2013,156.69
06/05/2013,158.75
07/05/2013,159.37
08/05/2013,160.64
09/05/2013,160.53
10/05/2013,160.91
13/05/2013,161.87
14/05/2013,162.94
15/05/2013,163.76
16/05/2013,164.2
17/05/2013,164.33
20/05/2013,164.61
21/05/2013,165.22
22/05/2013,165.61
23/05/2013,164.38
24/05/2013,165.37
27/05/2013,167.74
28/05/2013,169.42
29/05/2013,168.71
31/05/2013,169.33
03/06/2013,167.43
04/06/2013,169.23
05/06/2013,169.31
06/06/2013,168.21
07/06/2013,169.71
10/06/2013,170.61
11/06/2013,169.85
12/06/2013,170.14
13/06/2013,169.54
14/06/2013,169.78
17/06/2013,169.88
18/06/2013,169.87
19/06/2013,169.04
20/06/2013,164.67
21/06/2013,162.34
24/06/2013,161.51
25/06/2013,162.8
26/06/2013,162.87
27/06/2013,160.73
28/06/2013,161.56
01/07/2013,161.98
02/07/2013,163.49
03/07/2013,161.74
04/07/2013,163.55
05/07/2013,162.13
08/07/2013,162.06
09/07/2013,161.8
10/07/2013,163
11/07/2013,165.18
12/07/2013,166.56
15/07/2013,166.33
16/07/2013,166.3
17/07/2013,166.36
18/07/2013,167.15
19/07/2013,167.52
22/07/2013,166.62
23/07/2013,168.63
24/07/2013,169.27
25/07/2013,169.38
26/07/2013,168.97
29/07/2013,170.06
30/07/2013,170.53
31/07/2013,170.41
01/08/2013,172.52
02/08/2013,174.8
05/08/2013,175.54
06/08/2013,175.1
07/08/2013,175.75
08/08/2013,176.91
09/08/2013,178.02
12/08/2013,178.71
13/08/2013,179.92
14/08/2013,181.62
16/08/2013,180.53
20/08/2013,177.54
21/08/2013,177.55
22/08/2013,179.46
23/08/2013,179.43
26/08/2013,178.96
27/08/2013,174.97
28/08/2013,174.49
29/08/2013,176.35
30/08/2013,176.21
02/09/2013,179.04
03/09/2013,178.78
04/09/2013,176.74
05/09/2013,172.68
06/09/2013,175.65
09/09/2013,178.05
10/09/2013,181.48
11/09/2013,182.13
12/09/2013,182.71
13/09/2013,182.23
16/09/2013,181.79
17/09/2013,182.17
18/09/2013,182.69
19/09/2013,184.75
20/09/2013,184.43
23/09/2013,183.96
24/09/2013,184.55
25/09/2013,185.73
26/09/2013,186.89
27/09/2013,187.51
30/09/2013,186.45
01/10/2013,188.43
02/10/2013,188.47
03/10/2013,188.31
04/10/2013,188.91
07/10/2013,188.22
08/10/2013,187.02
09/10/2013,187.65
10/10/2013,191.07
11/10/2013,192.03
14/10/2013,191.87
15/10/2013,193.52
16/10/2013,193.32
17/10/2013,193.55
18/10/2013,193.77
21/10/2013,196.34
22/10/2013,197.52
23/10/2013,196.45
24/10/2013,197.54
25/10/2013,198.14
28/10/2013,198.7
29/10/2013,199.11
30/10/2013,199.2
31/10/2013,199
04/11/2013,200.29
05/11/2013,198.89
06/11/2013,199.63
07/11/2013,199.43
08/11/2013,197.82
12/11/2013,196.97
13/11/2013,194.61
14/11/2013,195.77
15/11/2013,197.8
18/11/2013,199.19
19/11/2013,198.65
20/11/2013,199.77
21/11/2013,199.33
22/11/2013,199.72
25/11/2013,201.68
26/11/2013,200.9
27/11/2013,202.16
28/11/2013,202.33
29/11/2013,203.5
02/12/2013,202.6
03/12/2013,200.29
04/12/2013,198.65
05/12/2013,198.22
06/12/2013,198.97
09/12/2013,199.59
10/12/2013,199.02
11/12/2013,199.21
12/12/2013,197.74
13/12/2013,197.58
16/12/2013,198.2
17/12/2013,196.19
18/12/2013,197.83
19/12/2013,197.6
20/12/2013,198.19
23/12/2013,199.69
27/12/2013,199.37
30/12/2013,200.36
02/01/2014,200.58
03/01/2014,200.73
07/01/2014,197.63
08/01/2014,198.2
09/01/2014,195.9
10/01/2014,196.52
13/01/2014,198.61
14/01/2014,199.18
15/01/2014,201.33
16/01/2014,201.37
17/01/2014,201.15
20/01/2014,201.77
21/01/2014,203.18
22/01/2014,204.78
23/01/2014,203.09
24/01/2014,200.65
27/01/2014,199.02
28/01/2014,201.03
29/01/2014,200.16
30/01/2014,200.89
31/01/2014,200.97
03/02/2014,201.07
04/02/2014,200.99
05/02/2014,202.07
06/02/2014,204.7
07/02/2014,204.51
10/02/2014,204.12
11/02/2014,206.66
12/02/2014,207.98
13/02/2014,207.9
14/02/2014,208.63
17/02/2014,209.46
18/02/2014,208.57
19/02/2014,208.86
20/02/2014,207.44
21/02/2014,208.89
24/02/2014,209.99
25/02/2014,209.37
26/02/2014,207.97
27/02/2014,208.79
28/02/2014,211.14
03/03/2014,202.67
04/03/2014,207.55
05/03/2014,206.95
06/03/2014,208.45
07/03/2014,207.32
10/03/2014,205.14
11/03/2014,205.71
12/03/2014,201.98
13/03/2014,199.28
14/03/2014,195.79
17/03/2014,200.51
18/03/2014,202.18
19/03/2014,201.73
20/03/2014,202.67
21/03/2014,202.46
24/03/2014,200.61
25/03/2014,202.54
26/03/2014,204.11
27/03/2014,204.33
28/03/2014,205.07
31/03/2014,206.73
01/04/2014,208.44
02/04/2014,208.9
03/04/2014,208.73
04/04/2014,209.76
07/04/2014,206.93
08/04/2014,205.52
09/04/2014,206.48
10/04/2014,206.43
11/04/2014,203.83
14/04/2014,200.67
15/04/2014,198.09
16/04/2014,198.09
17/04/2014,199.56
22/04/2014,202.37
23/04/2014,200.79
24/04/2014,200.43
25/04/2014,199.52
28/04/2014,199.36
29/04/2014,201.36
30/04/2014,202.59
02/05/2014,202.85
05/05/2014,201.66
06/05/2014,200.63
07/05/2014,200.27
08/05/2014,201.46
09/05/2014,199.13
12/05/2014,200.94
13/05/2014,202.88
14/05/2014,203.46
15/05/2014,201.78
16/05/2014,201.26
19/05/2014,201.6
20/05/2014,202.56
21/05/2014,203.32
22/05/2014,205.57
23/05/2014,205.74
26/05/2014,207.26
27/05/2014,207.45
28/05/2014,207.61
29/05/2014,208.84
30/05/2014,209.23
02/06/2014,209.42
03/06/2014,208.97
04/06/2014,209.17
05/06/2014,210.18
06/06/2014,211.44
09/06/2014,211.02
10/06/2014,211.83
11/06/2014,209.98
12/06/2014,209.85
13/06/2014,208.61
16/06/2014,208.57
17/06/2014,210.23
18/06/2014,210.57
20/06/2014,210.91
23/06/2014,210.18
24/06/2014,209.67
25/06/2014,207.86
26/06/2014,207.51
27/06/2014,207.85
30/06/2014,209.15
01/07/2014,209.11
02/07/2014,208.07
03/07/2014,208.14
04/07/2014,207.92
07/07/2014,207.24
08/07/2014,205.24
09/07/2014,203.38
10/07/2014,201.36
11/07/2014,202.54
14/07/2014,202.96
15/07/2014,201.2
16/07/2014,201.22
17/07/2014,199.71
18/07/2014,199.58
21/07/2014,199.22
22/07/2014,201.52
23/07/2014,200.33
24/07/2014,200.37
25/07/2014,198.51
28/07/2014,197.62
29/07/2014,197.59
30/07/2014,197.32
31/07/2014,195.64
01/08/2014,193.09
04/08/2014,192.99
05/08/2014,192.24
06/08/2014,189.94
07/08/2014,188.49
08/08/2014,185.59
11/08/2014,189.07
12/08/2014,189.86
13/08/2014,190.74
14/08/2014,191.93
18/08/2014,193.81
19/08/2014,196.82
20/08/2014,196.47
21/08/2014,197.5
22/08/2014,197.75
25/08/2014,198.76
26/08/2014,199.31
27/08/2014,200.38
28/08/2014,197.3
29/08/2014,197.98
01/09/2014,199.56
02/09/2014,198.99
03/09/2014,201.15
04/09/2014,202.84
05/09/2014,203.54
08/09/2014,203.6
09/09/2014,203.57
10/09/2014,202.84
11/09/2014,202.29
12/09/2014,201.32
15/09/2014,201.67
16/09/2014,201.86
17/09/2014,203.74
18/09/2014,205.35
19/09/2014,204.81
22/09/2014,203.58
23/09/2014,201.28
24/09/2014,201.5
25/09/2014,201.42
26/09/2014,201.4
29/09/2014,201.4
30/09/2014,202.13
01/10/2014,201.27
02/10/2014,198.1
03/10/2014,199.74
06/10/2014,201.19
07/10/2014,199.49
08/10/2014,196.86
09/10/2014,196.9
10/10/2014,191.89
13/10/2014,190.95
14/10/2014,191.59
15/10/2014,187.36
16/10/2014,186.1
17/10/2014,190.97
20/10/2014,191.02
21/10/2014,194.87
22/10/2014,196.01
23/10/2014,196.69
24/10/2014,197.16
27/10/2014,196.96
28/10/2014,198.54
29/10/2014,200.2
30/10/2014,201.14
31/10/2014,204.23
03/11/2014,204.39
04/11/2014,204.08
05/11/2014,205.36
06/11/2014,205.67
07/11/2014,204.4
10/11/2014,205.52
12/11/2014,203.65
13/11/2014,203.89
14/11/2014,203.22
17/11/2014,202.18
18/11/2014,204.09
19/11/2014,204.05
20/11/2014,204.12
21/11/2014,206.06
24/11/2014,206.61
25/11/2014,207.42
26/11/2014,208.37
27/11/2014,209.08
28/11/2014,209.13
01/12/2014,207.92
02/12/2014,208.44
03/12/2014,209.01
04/12/2014,207.77
05/12/2014,209.09
08/12/2014,208.58
09/12/2014,205.1
10/12/2014,204.27
11/12/2014,203.12
12/12/2014,201.13
15/12/2014,196.85
16/12/2014,196.18
17/12/2014,196.3
18/12/2014,200.17
19/12/2014,199.23
22/12/2014,199.67
23/12/2014,200.02
29/12/2014,199.72
30/12/2014,200.37
02/01/2015,201.98
05/01/2015,200.3
07/01/2015,200.43
08/01/2015,203.48
09/01/2015,203.16
12/01/2015,202.93
13/01/2015,204.75
14/01/2015,202.6
15/01/2015,201.59
16/01/2015,200.48
19/01/2015,200.8
20/01/2015,201.15
21/01/2015,202.52
22/01/2015,204.93
23/01/2015,206.66
26/01/2015,208
27/01/2015,206.57
28/01/2015,206.83
29/01/2015,207.93
30/01/2015,208.17
02/02/2015,206.63
03/02/2015,205.53
04/02/2015,205.83
05/02/2015,206.05
06/02/2015,206.48
09/02/2015,204.69
10/02/2015,206.54
11/02/2015,206.72
12/02/2015,208.49
13/02/2015,209.17
16/02/2015,210.36
17/02/2015,212.98
18/02/2015,215.05
19/02/2015,215.73
20/02/2015,216.67
23/02/2015,218.86
24/02/2015,219.71
25/02/2015,220.13
26/02/2015,220.81
27/02/2015,222.39
02/03/2015,223.82
03/03/2015,222.59
04/03/2015,223.26
05/03/2015,224.93
06/03/2015,225.7
09/03/2015,225.92
10/03/2015,224.55
11/03/2015,226.95
12/03/2015,227.56
13/03/2015,227.59
16/03/2015,229.37
17/03/2015,227.98
18/03/2015,227.35
19/03/2015,229.7
20/03/2015,231.2
23/03/2015,230.13
24/03/2015,230.24
25/03/2015,227.8
26/03/2015,226.25
27/03/2015,226.92
30/03/2015,229.73
31/03/2015,230.25
01/04/2015,230.2
02/04/2015,230.41
07/04/2015,231.76
08/04/2015,230.98
09/04/2015,233.04
10/04/2015,234.21
13/04/2015,233.93
14/04/2015,232.49
15/04/2015,230.85
16/04/2015,230.08
17/04/2015,228.13
20/04/2015,230.25
21/04/2015,231.4
22/04/2015,232.18
23/04/2015,231.84
24/04/2015,232.67
27/04/2015,234.96
28/04/2015,234.04
29/04/2015,230.14
30/04/2015,228.07
04/05/2015,230.03
05/05/2015,227.16
06/05/2015,226.86
07/05/2015,229.06
08/05/2015,233.13
11/05/2015,235.13
12/05/2015,233.23
13/05/2015,234.4
14/05/2015,235.84
15/05/2015,235.96
18/05/2015,236.35
19/05/2015,237.27
20/05/2015,237.65
21/05/2015,237.99
22/05/2015,236.99
25/05/2015,236.29
26/05/2015,234.61
27/05/2015,237.1
28/05/2015,236.5
29/05/2015,235.23
01/06/2015,234.91
02/06/2015,233.59
03/06/2015,233.98
05/06/2015,231.08
08/06/2015,228.57
09/06/2015,228.86
10/06/2015,229.53
11/06/2015,230.71
12/06/2015,228.81
15/06/2015,226.52
16/06/2015,228.11
17/06/2015,226.12
18/06/2015,226.59
19/06/2015,227.21
22/06/2015,231.66
23/06/2015,232.7
24/06/2015,232.15
25/06/2015,232.29
26/06/2015,231.62
29/06/2015,226.26
30/06/2015,227.01
01/07/2015,229.26
02/07/2015,228.77
03/07/2015,228.09
06/07/2015,226.92
07/07/2015,223.08
08/07/2015,222.04
09/07/2015,225.11
10/07/2015,229.37
13/07/2015,231.89
14/07/2015,231.46
15/07/2015,232.47
16/07/2015,234.82
17/07/2015,234.82
20/07/2015,234.62
21/07/2015,233.54
22/07/2015,231.47
23/07/2015,231.52
24/07/2015,230.33
27/07/2015,227.98
28/07/2015,228.57
29/07/2015,228.71
30/07/2015,228.43
31/07/2015,229.89
03/08/2015,230.75
04/08/2015,229.72
05/08/2015,232.38
06/08/2015,230.13
07/08/2015,229.01
10/08/2015,230.41
11/08/2015,230.08
12/08/2015,226.53
13/08/2015,228.44
14/08/2015,227.68
17/08/2015,227.02
18/08/2015,227.25
19/08/2015,226.54
20/08/2015,223.81
21/08/2015,219.56
24/08/2015,210.47
25/08/2015,216.8
26/08/2015,215.66
27/08/2015,219.44
28/08/2015,219.69
31/08/2015,220.77
01/09/2015,216.55
02/09/2015,216.45
03/09/2015,221
04/09/2015,218.79
07/09/2015,218.13
08/09/2015,220.09
09/09/2015,221
10/09/2015,220.79
11/09/2015,220.17
14/09/2015,219.67
15/09/2015,220.9
16/09/2015,222.08
17/09/2015,223.22
18/09/2015,221.62
21/09/2015,218.77
22/09/2015,214.71
23/09/2015,215.8
24/09/2015,213.19
25/09/2015,216.26
28/09/2015,213.41
29/09/2015,213.34
30/09/2015,216.46
01/10/2015,214.48
02/10/2015,214.98
05/10/2015,218.68
06/10/2015,220.13
07/10/2015,218.53
08/10/2015,220.45
09/10/2015,220.41
12/10/2015,220.84
13/10/2015,219.06
14/10/2015,215.91
15/10/2015,217.84
16/10/2015,218.49
19/10/2015,219.52
20/10/2015,219.6
21/10/2015,220.52
22/10/2015,221.63
23/10/2015,223.71
26/10/2015,221.16
27/10/2015,220.85
28/10/2015,222.32
29/10/2015,220.62
30/10/2015,221.19
02/11/2015,223.78
03/11/2015,223.92
04/11/2015,224.8
05/11/2015,224.64
06/11/2015,224.47
09/11/2015,223.8
10/11/2015,224.55
12/11/2015,224.06
13/11/2015,220.92
16/11/2015,218.78
17/11/2015,219.64
18/11/2015,219.17
19/11/2015,218.98
20/11/2015,219.29
23/11/2015,217.59
24/11/2015,213.71
25/11/2015,214.99
26/11/2015,217.23
27/11/2015,216.36
30/11/2015,216.8
01/12/2015,216.78
02/12/2015,216.85
03/12/2015,214.32
04/12/2015,214.11
07/12/2015,214.41
08/12/2015,210.86
09/12/2015,208.85
10/12/2015,208.54
11/12/2015,205.02
14/12/2015,202.49
15/12/2015,205.83
16/12/2015,205.56
17/12/2015,208.73
18/12/2015,207.95
21/12/2015,208.33
22/12/2015,208.36
23/12/2015,210.32
28/12/2015,210.3
29/12/2015,212.35
30/12/2015,212.16
04/01/2016,206.98
05/01/2016,207.6
07/01/2016,202.73
08/01/2016,200.84
11/01/2016,200.14
12/01/2016,203.39
13/01/2016,202.36
14/01/2016,200.02
15/01/2016,195.03
18/01/2016,193.75
19/01/2016,197.33
20/01/2016,193.01
21/01/2016,194.85
22/01/2016,198.58
25/01/2016,199.71
26/01/2016,199.72
27/01/2016,198.95
28/01/2016,196.73
29/01/2016,200.16
01/02/2016,201.24
02/02/2016,199.28
03/02/2016,197.01
04/02/2016,196.65
05/02/2016,194.42
08/02/2016,188.94
09/02/2016,185.64
10/02/2016,188.42
11/02/2016,184.07
12/02/2016,184.92
15/02/2016,189.41
16/02/2016,189.26
17/02/2016,195.67
18/02/2016,197.17
19/02/2016,197.64
22/02/2016,199.54
23/02/2016,199.4
24/02/2016,196.39
25/02/2016,199.4
26/02/2016,201.51
29/02/2016,202.86
01/03/2016,206.4
02/03/2016,205.78
03/03/2016,205.33
04/03/2016,207.66
07/03/2016,207.39
08/03/2016,205.02
09/03/2016,205.01
10/03/2016,203.28
11/03/2016,204.8
14/03/2016,205.18
15/03/2016,203.18
16/03/2016,204.7
17/03/2016,203.29
18/03/2016,204.17
21/03/2016,204.72
22/03/2016,204.43
23/03/2016,205.6
24/03/2016,205.06
29/03/2016,206.16
30/03/2016,209.29
31/03/2016,210.95
01/04/2016,210.77
04/04/2016,211.33
05/04/2016,208.7
06/04/2016,208.18
07/04/2016,207.91
08/04/2016,208.77
11/04/2016,208.49
12/04/2016,207.9
13/04/2016,210.59
14/04/2016,210.59
15/04/2016,209.91
18/04/2016,209.86
19/04/2016,211.68
20/04/2016,209.55
21/04/2016,208.75
22/04/2016,208.37
25/04/2016,208.25
26/04/2016,207.93
27/04/2016,208.6
28/04/2016,208.76
29/04/2016,207.3
02/05/2016,208.42
04/05/2016,207.03
05/05/2016,205.99
06/05/2016,206.14
09/05/2016,207.78
10/05/2016,209.75
11/05/2016,210.12
12/05/2016,209.53
